Assembly Accession	Assembly Name	Organism Name	Organism Taxonomic ID	ANI Check status	Organism Infraspecific Names Breed	Organism Infraspecific Names Strain	Organism Infraspecific Names Cultivar	Organism Infraspecific Names Ecotype	Organism Infraspecific Names Isolate	Organism Infraspecific Names Sex	Annotation Name	Annotation Release Date	Assembly Stats Total Sequence Length	Assembly Stats Total Number of Chromosomes	Assembly Stats Number of Contigs	Assembly Level	Assembly Release Date	WGS project accession	Assembly Stats Contig N50	Assembly Stats Number of Scaffolds	Annotation BUSCO Complete	Annotation BUSCO Single Copy	Annotation BUSCO Duplicated	Annotation BUSCO Fragmented	Annotation BUSCO Missing	Annotation BUSCO Lineage	Assembly BioSample Accession	Annotation Count Gene Total	Annotation Count Gene Protein-coding	Annotation Count Gene Pseudogene	CheckM completeness
GCA_040183065.1	P.americana_PAMFEO1_priV1	Periplaneta americana	6978						PAMFEO1	female			3231918202	17	259	Chromosome	2024-06-14	JBEFDJ01	42422338	91							SAMN40906764				
GCF_040183065.1	P.americana_PAMFEO1_priV1	Periplaneta americana	6978						PAMFEO1	female	GCF_040183065.1-RS_2024_10	2024-10-17	3231918202	17	259	Chromosome	2024-06-14	JBEFDJ01	42422338	91	0.9780541	0.96561813	0.012435991	0.0029261156	0.01901975	insecta_odb10	SAMN40906764	25629	16750	282	
GCA_964662295.1	ibLobCana1.1	Loboptera decipiens	242713										2216632157	17	540	Chromosome	2025-01-02	CBAAFG01	8641591	40							SAMEA114562296				
GCA_964278025.1	ibLobSubt1.1	Loboptera subterranea	3078426										2671312452	14	486	Chromosome	2024-10-19	CAXYLC01	13138595	90							SAMEA114562287				
GCA_965112255.1	ibLobTrog1.1	Loboptera troglobia	3054492										2585383596	14	747	Chromosome	2025-01-23	CBCOQN01	9620444	67							SAMEA114562300				
GCA_964059185.1	ibEctPall1.hap1.1	Ectobius pallidus	406638										2087550345	11	1268	Chromosome	2024-06-05	CAXKWC01	4566910	478							SAMEA111458022				
GCA_021186555.1	TAMU-RSper-2021	Reticulitermes speratus	60591						ELV_2017	female			880618617		733	Scaffold	2021-12-14	JAJKFL01	11990467	427							SAMN23070905				
GCA_013340265.1	CopFor1.0	Coptotermes formosanus	36987								Annotation submitted by Department of Applied Biological Chemistry, Faculty of Agriculture, Kindai University	2020-07-24	875711502		21729	Scaffold	2020-06-01	BLKM01	159654	12995							SAMD00172918	12983	12983		
GCA_030220185.1	Dpun_1.1	Diploptera punctata	6984						Stay&Tobe	male	Annotation submitted by Westfaelische Wilhelms-University Muenster	2023-06-07	3127968605		10699	Contig	2023-06-07	JASPKZ01	1407122	10699							SAMN25610536	28416	28414	2	
GCA_000696155.1	ZooNev1.0	Zootermopsis nevadensis	136037								Annotation submitted by BGI	2014-06-05	485009472		64771	Scaffold	2014-06-05	AUST01	22794	31662							SAMN02146280	15813	14610		
GCF_000696155.1	ZooNev1.0	Zootermopsis nevadensis	136037								NCBI Zootermopsis nevadensis Annotation Release 100	2017-08-03	485009472		64771	Scaffold	2014-07-22	AUST01	22794	31662	0.987564	0.98244333	0.005120702	0.005120702	0.0073152888	insecta_odb10	SAMN02146280	15142	12381	26	
GCA_002891405.2	Csec_1.0	Cryptotermes secundus	105785								Annotation submitted by Westfaelische Wilhelms-University	2018-01-17	1018932804		89199	Scaffold	2018-01-17	NEVH01	63940	55483							SAMN06690155	18141	18036		
GCF_002891405.2	Csec_1.0	Cryptotermes secundus	105785								NCBI Cryptotermes secundus Annotation Release 101	2020-04-20	1018932804		89199	Scaffold	2018-01-17	NEVH01	63940	55483	0.98317486	0.96854424	0.0146305775	0.0043891734	0.012435991	insecta_odb10	SAMN06690155	15413	13170	231	
GCA_026260175.1	UNIBO_RLUCI_2021	Reticulitermes lucifugus	127386						rluci_SQ_4				811496616		221387	Scaffold	2022-11-21	JAKCWW01	8536	63274							SAMN24180870				
GCA_040802335.1	ASM4080233v1	Panesthia cribrata	112953						T507				1775632557		254758	Contig	2024-07-22	JAZBJW01	141536	254758							SAMN39450773				
GCA_048987405.1	Cqui_hq_medaka	Celatoblatta quinquemaculata	153192						Cqui_NZ				3396393813		121191	Scaffold	2025-03-26	JBGNXV01	40215	121120							SAMN39956863				
GCA_040802365.1	ASM4080236v1	Geoscapheus dilatatus	112939						8Gdila				1486527536		120496	Contig	2024-07-22	JAZBJU01	36326	120496							SAMN39450771				
GCA_040802395.1	ASM4080239v1	Neogeoscapheus hanni	1805786						4Nhan				1466958270		347079	Contig	2024-07-22	JAZBJV01	7761	347079							SAMN39450772				
GCA_025594305.2	ASM2559430v2	Periplaneta americana	6978		American cockroach				PWHHKU_190912	female	Annotation submitted by The Chinese University of Hong Kong	2023-01-24	3055948503		9217	Scaffold	2023-01-24	JAJSOF02	1935226	48							SAMN23076151	27047	27047		
GCA_040183115.1	P.americana_PAMFEO1_altV1	Periplaneta americana	6978						PAMFEO1	female			3009607801		47851	Contig	2024-06-14	JBEFDK01	140411	47851							SAMN40906764				
GCA_002939525.1	ASM293952v1	Periplaneta americana	6978			Shanghai urban area				pooled male and female			3374840130		122589	Scaffold	2018-02-23	PGRX01	50814	18601							SAMN07820878				
GCA_021605165.1	Rspe_02	Reticulitermes speratus	60591										881338091		65163	Scaffold	2021-12-22	BBJL01	37432	5817							SAMD00018746				
GCA_964059195.1	ibEctPall1.hap2.1	Ectobius pallidus	406638										2124672973		1053	Scaffold	2024-05-23	CAXKWD01	4647957	414							SAMEA111458022				
GCA_000762945.2	Bger_2.0	Blattella germanica	6973		German cockroach	American Cyanamid = Orlando Normal				male			1796331457		72293	Scaffold	2018-01-19	JPZV02	71964	28065							SAMN02644979				
GCA_003018175.1	Bger_1.1	Blattella germanica	6973			American Cyanamid = Orlando Normal			EBB2017	pooled male and female	Annotation submitted by Westfaelische Wilhelms-University	2025-06-23	2037297555		317827	Scaffold	2018-03-26	PYGN01	12126	24818							SAMN08772480	28774	28676		
GCA_001404035.1	Ne2	Nasutitermes exitiosus	114634										5237693		283	Contig	2015-03-03	CEME01	23721	283							SAMEA3267259				
