Assembly Accession	Assembly Name	Organism Name	Organism Taxonomic ID	ANI Check status	Organism Infraspecific Names Breed	Organism Infraspecific Names Strain	Organism Infraspecific Names Cultivar	Organism Infraspecific Names Ecotype	Organism Infraspecific Names Isolate	Organism Infraspecific Names Sex	Annotation Name	Annotation Release Date	Assembly Stats Total Sequence Length	Assembly Stats Total Number of Chromosomes	Assembly Stats Number of Contigs	Assembly Level	Assembly Release Date	WGS project accession	Assembly Stats Contig N50	Assembly Stats Number of Scaffolds	Annotation BUSCO Complete	Annotation BUSCO Single Copy	Annotation BUSCO Duplicated	Annotation BUSCO Fragmented	Annotation BUSCO Missing	Annotation BUSCO Lineage	Assembly BioSample Accession	Annotation Count Gene Total	Annotation Count Gene Protein-coding	Annotation Count Gene Pseudogene	CheckM completeness
GCA_964276635.1	qeLepCurv1.1	Lepidocyrtus curvicollis	707887										200247165	6	129	Chromosome	2024-10-28		3275031	6							SAMEA113425830				
GCA_965194885.1	qlSmiViri2.1	Sminthurus viridis	109609										336957514	6	603	Chromosome	2025-03-10	CBDAET01	1219972	122							SAMEA114438405				
GCA_947179485.1	qeAllFusc8.1	Allacma fusca	39272										392772038	6	743	Chromosome	2022-10-28	CAMXBY01	1002386	95							SAMEA110744450				
GCA_004115045.4	ASM411504v4	Sinella curviseta	187695						NJ population	pooled male and female			363430441	6	1596	Chromosome	2023-10-27	RBVU03	828651	475							SAMN10147912				
GCA_965653205.1	qlOrcRanz22.hap1.1	Orchesella ranzii	48712										254308816	6	243	Chromosome	2025-08-01	CBFGZH01	3623572	62							SAMEA115119379				
GCA_965194875.1	qlCypAlbi1.hap1.1	Cyphoderus albinus	1499079										311135626	6	497	Chromosome	2025-03-10	CBDAES01	1574605	116							SAMEA114438397				
GCA_949802685.1	qeDicMinu4.1	Dicyrtomina minuta	1387116										581979427	5	1324	Chromosome	2023-04-12	CATKUY01	988688	485							SAMEA7701574				
GCA_046718835.1	ASM4671883v1	Ceratophysella communis	1519100						NJ				184936209	7	1108	Chromosome	2025-01-17	JAIQCE01	539115	325							SAMN21378318				
GCA_029691765.1	ASM2969176v1	Entomobrya proxima	1302324						NJ				362373310	6	2007	Chromosome	2023-04-12	JAIQCH01	443655	461							SAMN21366899				
GCA_046718785.1	ASM4671878v1	Arrhopalites brevicornis	2876200						NJ				255415873	6	48	Chromosome	2025-01-17	JAIRBN01	43058535	22							SAMN21380375				
GCA_020055645.1	ASM2005564v1	Tomocerus qinae	1765738						NJ	pooled male and female			334444421	5	272	Chromosome	2021-09-21	JAECZT01	13934521	115							SAMN17007177				
GCA_046563535.1	ASM4656353v1	Mesaphorura yosii	1840514						NJ				109060358	7	68	Chromosome	2025-01-08	JAMXMN01	7844464	16							SAMN28857373				
GCA_964034955.1	qeOrcFlav1.1	Orchesella flavescens	48711										273689038	6	249	Chromosome	2024-04-27	CAXIUI01	2415455	13							SAMEA112232546				
GCA_046579375.1	ASM4657937v1	Orthonychiurus folsomi	2581074						NJ-J				166983528	8	479	Chromosome	2025-01-10	JABJWB01	1360871	76							SAMN14825649				
GCA_020352615.2	ASM2035261v2	Yoshiicerus persimilis	1978554					China	JJF-2020	pooled male and female			315789611	6	1076	Chromosome	2023-08-10	JABJWA02	1230157	422							SAMN14820659				
GCA_965653795.1	qlPogLong1.1	Pogonognathellus longicornis	707266										355658232	6	664	Chromosome	2025-08-03	CBFHBT01	1041680	76							SAMEA113425822				
GCA_051380565.1	EG_EntNic_19022024_genomic	Entomobrya nicoleti	2041941						JBP-2025	pooled male and female			368916855	7	6454	Chromosome	2025-07-16	JBPGWN01	115218	3082							SAMN49042135				
GCA_002217175.1	ASM221717v1	Folsomia candida	158441			VU population				female	Annotation submitted by VU Amsterdam	2017-07-12	221702752		228	Scaffold	2017-07-12	LNIX01	4885648	162							SAMN04196550	28732	28732		
GCF_002217175.1	ASM221717v1	Folsomia candida	158441			VU population				female	NCBI Folsomia candida Annotation Release 101	2020-08-10	221702752		228	Scaffold	2017-07-12	LNIX01	4885648	162	0.97828233	0.96051335	0.017769003	0.0039486676	0.017769003	arthropoda_odb10	SAMN04196550	27231	24221	83	
GCA_001718145.1	ASM171814v1	Orchesella cincta	48709							pooled male and female	Annotation submitted by BE-Basic	2016-09-02	286766519		9641	Scaffold	2016-09-02	LJIJ01	64904	9402							SAMN04014362	20247	20247		
GCA_046254475.1	podaq_polAB-C	Podura aquatica	50589						CS395				282525989		384	Contig	2024-12-23	JBJWFB01	5742398	384							SAMN43845439				
GCA_966381405.1	qlOrcVill1.1 alternate haplotype	Orchesella villosa	48706										228226464		2825	Scaffold	2025-08-25	CBJFFM01	175572	1294							SAMEA114438382				
GCA_019776485.1	ASM1977648v1	Tomocerus vulgaris	1519116										266584676		38053	Scaffold	2021-08-26	JABASJ01	13237	37758							SAMN14540327				
GCA_034695205.1	ASM3469520v1	Dicyrtoma fusca	1385863						Gr-Col-00635				340027025		78811	Contig	2023-12-27	JAQFZC01	11811	78811							SAMN25040773				
GCA_021029175.1	ASM2102917v1	Bilobella aurantiaca	106915										178568837		32257	Scaffold	2021-12-03	VYYI01	9893	31856							SAMN11867965				
GCA_034694225.1	ASM3469422v1	Bourletiella hortensis	574228						Gr-Col-00811				220328786		137127	Contig	2023-12-27	JAQFYD01	3467	137127							SAMN24116333				
GCA_906901655.1	SCSMAQ_UL_ASM1	Sminthurides aquaticus	281415										165915169		79	Contig	2021-05-13	CAJQTT01	8776828	79							SAMEA7116350				
GCA_906901685.1	SCDETI_UL_ASM1	Desoria tigrina	370036										211462971		173	Scaffold	2021-05-13	CAJQTU01	5628779	142							SAMEA7116352				
GCA_964186735.1	ODALV1_v4	Orchesella dallaii	48710								Annotation submitted by Centre for Genomic Research, Institute of Integrative Biology, University of Liverpool, UK	2024-09-12	303958415		223	Contig	2024-09-13	CAXLJM02	3255281	223							SAMEA115717031	31769	31517		
GCA_034687125.1	ASM3468712v1	Neelides folsomi	2926729						MI_445				78134406		3966	Contig	2023-12-27	JAQGBZ01	150479	3966							SAMN25040855				
GCA_002738285.1	ASM273828v1	Holacanthella duospinosa	1983282						CW2015				327566771		70136	Scaffold	2017-10-31	NIPM01	80495	62430							SAMN06844181				
GCA_009869845.1	ASM986984v1	Pseudachorutes palmiensis	187685						24-066				77080803		5119	Scaffold	2020-01-14	VNWY01	35249	5054							SAMN11866858				
GCA_034682405.1	ASM3468240v1	Hydroisotoma schaefferi	301519						Gr-Col-00807				146434252		20888	Contig	2023-12-27	JAQFZX01	33192	20888							SAMN25040810				
GCA_034700945.1	ASM3470094v1	Arrhopalites spinosus	2905842						Gr-Col-00816				180415765		40353	Contig	2023-12-27	JAQIVZ01	33181	40353							SAMN24116338				
GCA_034699125.1	ASM3469912v1	Gisinianus flammeolus	2449080						Gr-Col-00644				227874649		94863	Contig	2023-12-27	JAIUND01	26924	94863							SAMN21015781				
GCA_019776165.1	ASM1977616v1	Pogonognathellus flavescens	511703										273662451		27350	Scaffold	2021-08-26	JABASD01	26078	27220							SAMN14540315				
GCA_027743745.1	NJAU_Aban_1.0	Alloscopus bannaensis	2267856						17BN3A_2				112496283		5109	Scaffold	2023-01-11	JAHZMW01	25022	4939							SAMN20255310				
GCA_019776565.1	ASM1977656v1	Sminthurinus signatus	2584529										176549869		23376	Scaffold	2021-08-26	JABASP01	22877	23351							SAMN11877933				
GCA_027744095.1	NJAU_Zjin_1.0	Zhuqinia jingwanae	1973057						ZH3				144527125		7367	Scaffold	2023-01-11	JAHZNC01	21149	7200							SAMN15806930				
GCA_019776145.1	ASM1977614v1	Harlomillsia oculata	707269										119225823		11577	Scaffold	2021-08-26	JABASF01	20884	11495							SAMN14540289				
GCA_036850665.1	ASM3685066v1	Dicranocentrus wangi	1302322										245383816		26553	Scaffold	2024-02-23	JAANSN01	20019	26071							SAMN11640891				
GCA_034694165.1	ASM3469416v1	Tomocerus mixtus	2905852						Gr-Col-00779				270385590		51078	Contig	2023-12-27	JAQFYC01	19930	51078							SAMN24116367				
GCA_009870185.1	ASM987018v1	Pygmarrhopalites habei	2584527										211516385		30942	Scaffold	2020-01-14	WJFB01	19872	30409							SAMN11872796				
GCA_034687055.1	ASM3468705v1	Heteromurus nitidus	254095						Gr-Col-00111				200439298		40162	Contig	2023-12-27	JAQFZW01	18738	40162							SAMN25040809				
GCA_027743895.1	NJAU_Sdow_1.0	Seira dowlingi	1602988						YU2				130838579		8048	Scaffold	2023-01-11	JAHZMX01	18655	6753							SAMN20255314				
GCA_027743785.1	NJAU_Sbic_1.0	Sinhomidia bicolor	1302339						15HNW1				101862461		5721	Scaffold	2023-01-11	JAHZMT01	18579	5528							SAMN20255313				
GCA_027744295.1	NJAU_Cgua_1.0	Callyntrura guangdongensis	1588067						ZH5				141948039		8133	Scaffold	2023-01-11	JAHZNB01	18214	7868							SAMN15806931				
GCA_027743725.1	NJAU_Rgri_1.0	Rambutsinella grinnellia	2860828						RAM3				53615005		3322	Scaffold	2023-01-11	JAHZMU01	17016	3003							SAMN20255312				
GCA_034698145.1	ASM3469814v1	Proisotoma minuta	301521						Gr-Col-00128				111197543		17671	Contig	2023-12-27	JAQIXN01	16766	17671							SAMN25040886				
GCA_027744215.1	NJAU_Tdis_1.0	Troglopedetes dispersus	2768102						KRI09				79008459		5104	Scaffold	2023-01-11	JAHZNF01	16710	4562							SAMN15806927				
GCA_027744375.1	NJAU_Osin_1.0	Orchesellides sinensis	1302337						YU1				88177395		5475	Scaffold	2023-01-11	JAHZNG01	16682	5265							SAMN15806934				
GCA_027744595.1	NJAU_Ppra_1.0	Paronellides praefectus	1973056						ZH2				73390561		4495	Scaffold	2023-01-11	JAITYZ01	16539	4303							SAMN15806933				
GCA_027744415.1	NJAU_Srit_1.0	Seira ritae	2016761						RV18				70882564		4476	Scaffold	2023-01-11	JAHZNI01	16046	4339							SAMN15806926				
GCA_034698585.1	ASM3469858v1	Disparrhopalites patrizii	2926737						CS333				295533189		57427	Contig	2023-12-27	JAQGBT01	15483	57427							SAMN25040777				
GCA_034696945.1	ASM3469694v1	Lipothrix lubbocki	1387126						Gr-Col-00650				302201061		189607	Contig	2023-12-27	JAQGAK01	14971	189607							SAMN25040834				
GCA_034700605.1	ASM3470060v1	Willowsia nigromaculata	1302335						Gr-Col-00659				320914903		89807	Scaffold	2023-12-27	JAQIXX01	14665	89806							SAMN25040920				
GCA_034698265.1	ASM3469826v1	Sminthurinus aureus	1496267						Gr-Col-00643				305360128		103335	Contig	2023-12-27	JAQGBH01	14573	103335							SAMN25040900				
GCA_027743915.1	NJAU_Ssan_1.0	Seira sanloemensis	2795047						CAMB3				56998968		3982	Scaffold	2023-01-11	JAHZMY01	14292	3784							SAMN20256436				
GCA_034698345.1	ASM3469834v1	Sphaeridia pumilis	212016						Gr-Col-00832				168596389		38260	Contig	2023-12-27	JAQGBJ01	14211	38260							SAMN25040903				
GCA_034693345.1	ASM3469334v1	Entomobrya multifasciata	247613						Gr-Col-00817				321791173		130321	Contig	2023-12-27	JAQFXM01	14113	130321							SAMN24116339				
GCA_027744355.1	NJAU_Tgla_1.0	Tyrannoseira gladiata	2016768						RV22				33778785		2428	Scaffold	2023-01-11	JAHZNH01	13999	2267							SAMN15962573				
GCA_034694785.1	ASM3469478v1	Agrenia bidenticulata	1933610						Gr-Col-00670				342673144		67105	Contig	2023-12-27	JAQFYM01	13555	67105							SAMN25040744				
GCA_034696625.1	ASM3469662v1	Isotomurus palustris	36144						Gr-Col-00806				151186325		65583	Contig	2023-12-27	JAQGAD01	13321	65583							SAMN25040820				
GCA_009869805.1	ASM986980v1	Oncopodura yosiiana	2581075						NJ population				118350332		15727	Scaffold	2020-01-14	VCNE01	13246	15621							SAMN11657397				
GCA_019593645.1	ASM1959364v1	Akabosia matsudoensis	1588080						AH population				184623299		27265	Scaffold	2021-08-13	VICI01	12162	26975							SAMN11860747				
GCA_036491905.1	ASM3649190v1	Folsomia manolachei	1884766						Germany population				124313689		16735	Scaffold	2024-02-09	JAAXNX01	12068	16537							SAMN11835100				
GCA_019776185.1	ASM1977618v1	Plutomurus gul	2698213										209819217		32332	Scaffold	2021-08-26	JABASC01	11924	32164							SAMN14540314				
GCA_009869925.1	ASM986992v1	Thalassaphorura encarpata	2583954										130904934		19488	Scaffold	2020-01-14	WJEZ01	11137	19100							SAMN11869062				
GCA_019776445.1	ASM1977644v1	Tomocerus maximus	2724627										269288428		45340	Scaffold	2021-08-26	JABASH01	10868	45233							SAMN14540317				
GCA_009872375.1	ASM987237v1	Sminthurides bifidus	2584528						NJ population				130022519		18907	Scaffold	2020-01-14	VRMD01	10741	18756							SAMN11890479				
GCA_034693705.1	ASM3469370v1	Spatulosminthurus flaviceps	2905857						Gr-Col-00810				307837111		88960	Contig	2023-12-27	JAQFXU01	10503	88960							SAMN24116332				
GCA_019776505.1	ASM1977650v1	Tomocerus nigrus	1481180										275185134		47511	Scaffold	2021-08-26	JABASI01	10324	46900							SAMN14540318				
GCA_009870155.1	ASM987015v1	Pseudobourletiella spinata	332384										208313765		36574	Scaffold	2020-01-14	WJFA01	9981	36281							SAMN11653521				
GCA_019776545.1	ASM1977654v1	Brachystomella parvula	187611										118473689		23131	Scaffold	2021-08-26	JABASM01	7945	22316							SAMN11869185				
GCA_036507315.1	ASM3650731v1	Lepidocyrtus fimetarius	2583952										219749763		41903	Scaffold	2024-02-09	JAANSO01	7945	41628							SAMN11843776				
GCA_036850885.1	ASM3685088v1	Lepidocyrtinus dapeste	2715194										150961304		28111	Scaffold	2024-02-23	JAANSQ01	7936	27550							SAMN14261960				
GCA_036507255.1	ASM3650725v1	Megalothorax incertus	2579793						SH population				125790770		25896	Scaffold	2024-02-09	JAAZTK01	7536	25828							SAMN11634730				
GCA_034696445.1	ASM3469644v1	Isotomiella minor	370032						Gr-Col-00113				142262881		81117	Contig	2023-12-27	JAQIWU01	7452	81117							SAMN25040817				
GCA_034698285.1	ASM3469828v1	Sminthurinus bimaculatus	187699						CS332				362276499		233640	Contig	2023-12-27	JAQIVE01	7356	233640							SAMN25040901				
GCA_034698685.1	ASM3469868v1	Isotomurus pseudopalustris	2926726						Gr-Col-00629				146730324		55982	Contig	2023-12-27	JAQGBV01	7276	55982							SAMN25040822				
GCA_034694305.1	ASM3469430v1	Protaphorura glebata	2905850						Gr-Col-00785				342835498		124479	Contig	2023-12-27	JAQFYE01	7225	124479							SAMN24116373				
GCA_034697805.1	ASM3469780v1	Orchesella bifasciata	576794						Gr-Col-00633				241158620		95281	Contig	2023-12-27	JAQGAP01	7149	95281							SAMN25040862				
GCA_036561885.1	ASM3656188v1	Salina celebensis	1588069						YJ population				233959203		52803	Scaffold	2024-02-12	JAAXOA01	6555	52510							SAMN11649356				
GCA_034696905.1	ASM3469690v1	Lepidocyrtus violaceus	707891						MetInv-E312				200145099		57849	Contig	2023-12-27	JAQGAI01	6510	57849							SAMN25040830				
GCA_034698825.1	ASM3469882v1	Deuterosminthurus bicinctus	2041938						Gr-Col-00836				198315521		95552	Contig	2023-12-27	JAQIWI01	6461	95552							SAMN25040772				
GCA_034696565.1	ASM3469656v1	Isotomurus graminis	1184803						Gr-Col-00640				161340570		128939	Contig	2023-12-27	JAQGAB01	6385	128939							SAMN25040818				
GCA_009936455.2	ASM993645v2	Tomocerus minor	187706						H720GQ0FOA				289384728		102506	Scaffold	2022-10-20	JAAAYG02	6142	88874							SAMN07492107				
GCA_034695485.1	ASM3469548v1	Entomobrya nivalis	1387109						Gr-Col-00795				300888265		137793	Contig	2023-12-27	JAQFZH01	6079	137793							SAMN25040786				
GCA_019776465.1	ASM1977646v1	Rambutanura hunanensis	2584531										83202253		19087	Scaffold	2021-08-26	JABASK01	5981	18905							SAMN11878045				
GCA_034696425.1	ASM3469642v1	Isotoma viridis	187635						P3_1				211144109		86633	Contig	2023-12-27	JAQGAA01	5960	86633							SAMN25040816				
GCA_034700685.1	ASM3470068v1	Willowsia buskii	1458441						Gr-Col-00658				309017296		178327	Contig	2023-12-27	JAQIXW01	5933	178327							SAMN25040919				
GCA_036491925.1	ASM3649192v1	Neelus murinus	1348065						1F1a				76901866		18668	Scaffold	2024-02-09	JABBIS01	5871	18565							SAMN11835266				
GCA_036851915.1	ASM3685191v1	Ptenothrix huangshanensis	2583244						HS population				361557390		92507	Scaffold	2024-02-23	JAAXYX01	5748	91770							SAMN11791815				
GCA_034694325.1	ASM3469432v1	Entomobrya corticalis	1503966						Gr-Col-00788				324501650		157538	Contig	2023-12-27	JAQFYG01	5406	157538							SAMN24116376				
GCA_034696285.1	ASM3469628v1	Hypogastrura burkilli	1725397						Gr-Col-00674				207166415		96114	Contig	2023-12-27	JAQFZY01	5291	96114							SAMN25040812				
GCA_047667415.1	ASM4766741v1	Desoria trispinata	1184801						CB population				228222002		62308	Scaffold	2025-02-11	JAAWXC01	5250	59954							SAMN11858078				
GCA_036850745.1	ASM3685074v1	Homidia socia	301514										293820889		77907	Scaffold	2024-02-23	JAANSP01	5237	75377							SAMN11651000				
GCA_034696585.1	ASM3469658v1	Isotomurus maculatus	36143						Gr-Col-00673				161648906		79219	Contig	2023-12-27	JAQGAC01	5072	79219							SAMN25040819				
GCA_034694925.1	ASM3469492v1	Ceratophysella denticulata	928250						Gr-Col-00104				217525557		187258	Contig	2023-12-27	JAQFYT01	4943	187258							SAMN25040757				
GCA_034694905.1	ASM3469490v1	Ceratophysella granulata	1218962						Gr-Col-00638				212383277		128787	Contig	2023-12-27	JAQFYU01	4756	128787							SAMN25040758				
GCA_034699705.1	ASM3469970v1	Hymenaphorura dentifera	2905845						Gr-Col-00782				180114717		102561	Contig	2023-12-27	JAQGCM01	4728	102561							SAMN24116370				
GCA_034694825.1	ASM3469482v1	Anurida granaria	187597						Gr-Col-00639				138368845		97270	Contig	2023-12-27	JAQIWD01	4685	97270							SAMN25040749				
GCA_034694865.1	ASM3469486v1	Bilobella braunerae	106916						Gr-Col-00646				272443528		133013	Contig	2023-12-27	JAQFYP01	4663	133013							SAMN25040752				
GCA_036491945.1	ASM3649194v1	Paranurophorus simplex	2583953										63712143		19077	Scaffold	2024-02-09	JAAOWG01	4465	19068							SAMN11851512				
GCA_034698835.1	ASM3469883v1	Protaphorura tricampata	2926732						Gr-Col-00134				219713522		95807	Contig	2023-12-27	JAQGCB01	4387	95807							SAMN25040890				
GCA_034695245.1	ASM3469524v1	Dicyrtomina saundersi	438492						Gr-Col-00655				458245096		208845	Contig	2023-12-27	JAQFZE01	4228	208845							SAMN25040775				
GCA_034700645.1	ASM3470064v1	Xenylla mediterranea	2567731						Gr-Col-00808				119160033		88700	Contig	2023-12-27	JAQGCY01	4097	88700							SAMN25040921				
GCA_034698945.1	ASM3469894v1	Protaphorura quadriocellata	2926731						Gr-Col-00665				367321567		190975	Contig	2023-12-27	JAQGCA01	4084	190975							SAMN25040889				
GCA_034699725.1	ASM3469972v1	Friesea truncata	187628						Gr-Col-00784				100320410		69672	Contig	2023-12-27	JAQGCN01	4040	69672							SAMN24116372				
GCA_034695645.1	ASM3469564v1	Folsomia fimetaria	1387114						Gr-Col-00827				152467563		96953	Contig	2023-12-27	JAQFZJ01	3584	96953							SAMN25040789				
GCA_034696885.1	ASM3469688v1	Lepidocyrtus paradoxus	49179						Gr-Col-00631				190155294		112119	Contig	2023-12-27	JAQGAH01	3410	112119							SAMN25040829				
GCA_019775825.1	ASM1977582v1	Neanura muscorum	106920										208848653		77013	Scaffold	2021-08-26	JABASL01	3276	74048							SAMN11867660				
GCA_034699765.1	ASM3469976v1	Xenyllodes armatus	187716						Gr-Col-00786				136102115		102418	Contig	2023-12-27	JAQIYE01	3179	102418							SAMN24116374				
GCA_034698605.1	ASM3469860v1	Isotoma decorata	2926725						Gr-Col-00675				263556048		161289	Contig	2023-12-27	JAQGBU01	3168	161289							SAMN25040815				
GCA_034695405.1	ASM3469540v1	Entomobrya muscorum	2041940						Gr-Col-00637				281828381		169408	Scaffold	2023-12-27	JAQIWO01	2944	169404							SAMN25040784				
GCA_034696405.1	ASM3469640v1	Isotoma caerulea	308473						Gr-Col-00630				222135947		148333	Contig	2023-12-27	JAQFZZ01	2907	148333							SAMN25040814				
GCA_034694545.1	ASM3469454v1	Mesaphorura macrochaeta	2651973						Gr-Col-00792				165909551		113283	Contig	2023-12-27	JAQIUU01	2856	113283							SAMN24116379				
GCA_034695825.1	ASM3469582v1	Folsomia inoculata	2041942						Gr-Col-00642				169802380		153485	Contig	2023-12-27	JAQIWQ01	2818	153485							SAMN25040790				
GCA_034698485.1	ASM3469848v1	Vertagopus arboreus	2041954						Gr-Col-00647				195579353		145935	Contig	2023-12-27	JAQGBQ01	2727	145935							SAMN25040918				
GCA_034700305.1	ASM3470030v1	Protaphorura armata	187684						Gr-Col-00666				296123561		217906	Scaffold	2023-12-27	JAQIXO01	2695	217905							SAMN25040887				
GCA_034700485.1	ASM3470048v1	Pseudosinella alba	1302326						Gr-Col-00645				288860308		224965	Scaffold	2023-12-27	JAQIXQ01	2695	224963							SAMN25040892				
GCA_034694025.1	ASM3469402v1	Ceratophysella scotica	2905844						Gr-Col-00776				258688745		186949	Contig	2023-12-27	JAQFXZ01	2676	186949							SAMN24116364				
GCA_034694605.1	ASM3469460v1	Folsomia penicula	266765						Metainvert_48				122243262		82859	Contig	2023-12-27	JAQIWC01	2596	82859							SAMN24116380				
GCA_034695115.1	ASM3469511v1	Desoria olivacea	370026						Gr-Col-00796				177300040		128659	Contig	2023-12-27	JAQFZA01	2566	128659							SAMN25040770				
GCA_034698325.1	ASM3469832v1	Sminthurinus elegans	1190784						P4_20				316020160		227166	Contig	2023-12-27	JAQGBI01	2389	227166							SAMN25040902				
GCA_034693865.1	ASM3469386v1	Ceratophysella sigillata	1218965						Gr-Col-00773				198128986		155060	Contig	2023-12-27	JAQFXY01	2292	155060							SAMN24116363				
GCA_034699605.1	ASM3469960v1	Isotomiella paraminor	2905846						Gr-Col-00781				142095301		111880	Contig	2023-12-27	JAQGCL01	2275	111880							SAMN24116369				
GCA_034700885.1	ASM3470088v1	Paratullbergia callipygos	2926730						Gr-Col-00662				183127289		171653	Contig	2023-12-27	JAQIYH01	2201	171653							SAMN25040870				
GCA_034694685.1	ASM3469468v1	Isotoma anglicana	247611						Gr-Col-00814				228463400		186610	Contig	2023-12-27	JAQFYJ01	2200	186610							SAMN24116336				
GCA_034696835.1	ASM3469683v1	Lepidocyrtus lignorum	707889						Gr-Col-00319				250812609		230450	Contig	2023-12-27	JAQGAG01	1968	230450							SAMN25040828				
GCA_034696785.1	ASM3469678v1	Lepidocyrtus cyaneus	247612						Gr-Col-00657				245520935		233156	Contig	2023-12-27	JAQIWX01	1900	233156							SAMN25040827				
GCA_034699565.1	ASM3469956v1	Anurida granulata	2905848						Gr-Col-00783				132704714		121110	Contig	2023-12-27	JAQIYD01	1858	121110							SAMN24116371				
GCA_034696705.1	ASM3469670v1	Isotomurus plumosus	1410395						Gr-Col-00116				120787721		110102	Contig	2023-12-27	JAQIWV01	1827	110102							SAMN25040821				
GCA_034699665.1	ASM3469966v1	Supraphorura furcifera	2041972						Gr-Col-00780				197132125		267015	Contig	2023-12-27	JAQGCK01	990	267015							SAMN24116368				
GCA_034698205.1	ASM3469820v1	Protaphorura fimata	1519113						Gr-Col-00131				127306378		199208	Contig	2023-12-27	JAQGBC01	805	199208							SAMN25040888				
GCA_034696865.1	ASM3469686v1	Isotomurus unifasciatus	48718						Gr-Col-00121				259760144		435118	Scaffold	2023-12-27	JAQIWW01	694	435112							SAMN25040823				
GCA_052721305.1	ASM5272130v1	Folsomia candida	158441						DK				228618977	7	7	Complete Genome	2025-09-19		41451873	7							SAMN17109001				
GCA_052721315.1	ASM5272131v1	Folsomia candida	158441						DK				228448720	7	7	Complete Genome	2025-09-19		41451873	7							SAMN17109001				
GCA_020920555.1	ASM2092055v1	Folsomia candida	158441						DK				219077502	7	321	Chromosome	2021-11-22	JAEMPG01	2510068	75							SAMN17109001				
GCA_020923455.1	ASM2092345v1	Folsomia candida	158441						SH				153896037	7	850	Chromosome	2021-11-23	JAEMPH01	792576	250							SAMN18808669				
GCA_046563655.1	ASM4656365v1	Yuukianura sp. NJ FZ-2021	2884183						NJ				98657566	8	150	Chromosome	2025-01-08	JAJCTO01	1266372	22							SAMN21542885				
GCA_034694505.1	ASM3469450v1	Folsomia candida	158441						Gr-Col-00812				212019391		67359	Contig	2023-12-27	JAQIVX01	22610	67359							SAMN24116334				
GCA_034694045.1	ASM3469404v1	Orchesella cincta	48709						Gr-Col-00777				313497531		176730	Contig	2023-12-27	JAQFYA01	4125	176730							SAMN24116365				
GCA_947179445.1	qeAllFusc8.1 alternate haplotype	Allacma fusca	39272										240786774		3055	Scaffold	2022-10-28	CAMXBX01	127290	3054							SAMEA110744450				
GCA_965217425.1	qlSmiViri2.1 alternate haplotype	Sminthurus viridis	109609										237691576		4970	Scaffold	2025-03-22	CBDCII01	96156	2760							SAMEA114438405				
GCA_034694765.1	ASM3469476v1	Allacma fusca	39272						MI_479				265893193		48472	Contig	2023-12-27	JAQFYN01	24001	48472							SAMN25040745				
GCA_910591605.1	Afus1_asm01	Allacma fusca	39272								Annotation submitted by THE UNIVERSITY OF EDINBURGH	2021-08-13	425887823		584085	Scaffold	2021-08-13	CAJVCH01	5387	571837							SAMEA8803696	47614	47610	4	
GCA_034698305.1	ASM3469830v1	Sinella curviseta	187695						Gr-Col-00137				270842440		342502	Contig	2023-12-27	JAQGBG01	1010	342502							SAMN25040899				
GCA_951387605.1	qeDicMinu4.1 alternate haplotype	Dicyrtomina minuta	1387116										496146932		4571	Scaffold	2023-05-13	CATOAJ01	199730	4563							SAMEA7701574				
GCA_965194855.1	qlCypAlbi1.hap2.1	Cyphoderus albinus	1499079										231130514		3628	Scaffold	2025-03-05	CBDAER01	196783	2231							SAMEA114438397				
GCA_021029165.1	ASM2102916v1	Cyphoderus albinus	1499079										237908440		27767	Scaffold	2021-12-03	VYYJ01	18469	27558							SAMN11792786				
GCA_036850725.1	ASM3685072v1	Orchesella villosa	48706										247499557		49696	Scaffold	2024-02-23	JAANSM01	7602	49255							SAMN11812289				
GCA_009869905.1	ASM986990v1	Ceratophysella communis	1519100						HNZHMD				162375375		34431	Scaffold	2020-01-14	VNWX01	7151	34220							SAMN11866224				
GCA_019775805.1	ASM1977580v1	Dicyrtomina minuta	1387116										317950528		79793	Scaffold	2021-08-26	JABASN01	6076	77964							SAMN11834679				
GCA_034695225.1	ASM3469522v1	Dicyrtomina minuta	1387116						Gr-Col-00636				447627567		192255	Contig	2023-12-27	JAQFZD01	5338	192255							SAMN25040774				
GCA_009869945.1	ASM986994v1	Mesaphorura yosii	1840514										97983859		2696	Scaffold	2020-01-14	WIXG01	163682	2694							SAMN11935617				
GCA_964276625.1	qeLepCurv1.1 alternate haplotype	Lepidocyrtus curvicollis	707887										154084742		2485	Contig	2024-10-25	CAXYGN01	152252	2485							SAMEA113425830				
GCA_965653875.1	qlPogLong1.1 alternate haplotype	Pogonognathellus longicornis	707266										343184038		5749	Scaffold	2025-08-03	CBFHBU01	143880	3460							SAMEA113425822				
GCA_964034975.1	qeOrcFlav1.1 alternate haplotype	Orchesella flavescens	48711										240557461		3869	Scaffold	2024-04-26	CAXIUM01	93136	3868							SAMEA112232546				
GCA_009869795.1	ASM986979v1	Neelides sp. FZ-2019	2583951						LS population				97765094		4298	Scaffold	2020-01-14	VJMY01	80984	4260							SAMN11867657				
GCA_034694585.1	ASM3469458v1	Sminthurides aquaticus	281415						Gr-Col-00813				157167198		70624	Contig	2023-12-27	JAQIVY01	62213	70624							SAMN24116335				
GCA_027743935.1	NJAU_Svar_1.0	Sinodicranocentrus sp. ZH6	2773370						ZH6				135851205		5775	Scaffold	2023-01-11	JAHZNA01	27765	5603							SAMN15962574				
GCA_027744055.1	NJAU_Casp_1.0	Callyntrura sp. NNG-2020	2768096						KPT03				188372731		8626	Scaffold	2023-01-11	JAHZNE01	24922	8409							SAMN15806929				
GCA_027743765.1	NJAU_Cesp_1.0	Coecobrya sp. COE2	2860825						COE2				151127691		8086	Scaffold	2023-01-11	JAHZMV01	20430	7530							SAMN20255311				
GCA_027744115.1	NJAU_Asp_1.0	Acrocyrtus sp. NNG-2020	2768105						SJ2				113235530		6163	Scaffold	2023-01-11	JAHZND01	19797	5875							SAMN15806932				
GCA_027743805.1	NJAU_Lsp_1.0	Lepidocyrtoides sp. E14	2860826						E14				99896449		6031	Scaffold	2023-01-11	JAHZMZ01	17783	5633							SAMN20256435				
GCA_027744575.1	NJAU_Ldap_1.0	Lepidocyrtinus sp. AM51	2016757						AM51				59905525		3654	Scaffold	2023-01-11	JAHZNL01	16369	3520							SAMN07251598				
GCA_034693325.1	ASM3469332v1	Sminthurinus signatus	2584529						Gr-Col-00809				290408188		97722	Contig	2023-12-27	JAQFXO01	15730	97722							SAMN24116331				
GCA_036851895.1	ASM3685189v1	Orthonychiurus folsomi	2581074						NJ population				138030105		16597	Scaffold	2024-02-23	JAAXYW01	15645	16341							SAMN11656301				
GCA_027744475.1	NJAU_Lsot_1.0	Lepidocyrtus cf. sotoi NNG-2020	2768094						RV4				58707818		3919	Scaffold	2023-01-11	JAHZNJ01	14903	3817							SAMN15806924				
GCA_034694085.1	ASM3469408v1	Pogonognathellus longicornis	707266						Gr-Col-00778				313321535		63574	Contig	2023-12-27	JAQFYB01	14133	63574							SAMN24116366				
GCA_027744615.1	NJAU_Lnig_1.0	Lepidocyrtus cf. nigrosetosus NNG-2020	2768093						RV3				24895945		1914	Scaffold	2023-01-11	JAHZNK01	12968	1845							SAMN15806923				
GCA_009869885.1	ASM986988v1	Tomocerus qinae	1765738						NJ population				264859944		41412	Scaffold	2020-01-14	VIYP01	11437	41165							SAMN11633509				
GCA_019775785.1	ASM1977578v1	Pogonognathellus longicornis	707266										305790077		50988	Scaffold	2021-08-26	JABASG01	11012	50806							SAMN14540316				
GCA_034700225.1	ASM3470022v1	Pogonognathellus flavescens	511703						Gr-Col-00653				297041653		81348	Scaffold	2023-12-27	JAQIXK01	10743	81346							SAMN25040878				
GCA_009872335.1	ASM987233v1	Lipothrix lubbocki	1387126						43-005				244673950		43163	Scaffold	2020-01-14	VRMF01	10263	42850							SAMN11878159				
GCA_036507235.1	ASM3650723v1	Sphaeridia pumilis	212016										103292665		16019	Scaffold	2024-02-09	JABASO01	10084	15896							SAMN11890700				
GCA_034697845.1	ASM3469784v1	Orchesella flavescens	48711						Gr-Col-00632				226806228		79878	Contig	2023-12-27	JAQGAQ01	8168	79878							SAMN25040863				
GCA_034698425.1	ASM3469842v1	Thalassaphorura encarpata	2583954						Gr-Col-00143				196906756		58708	Contig	2023-12-27	JAQIVG01	7803	58708							SAMN25040913				
GCA_034699025.1	ASM3469902v1	Entomobrya cf. arborea Gr-Col-00668	2926752						Gr-Col-00668				259269182		102199	Scaffold	2023-12-27	JAQIWN01	7020	102198							SAMN25040783				
GCA_036561985.1	ASM3656198v1	Seira ritae	2016761						AM16 population				204218765		44816	Scaffold	2024-02-12	JAANHH01	6755	44302							SAMN14262757				
GCA_034699805.1	ASM3469980v1	Orthonychiurus folsomi	2581074						Gr-Col-00815				144991384		69530	Contig	2023-12-27	JAQIXZ01	6022	69530							SAMN24116337				
GCA_034695465.1	ASM3469546v1	Entomobrya nicoleti	2041941						Gr-Col-00652				301352941		138560	Contig	2023-12-27	JAQFZG01	5919	138560							SAMN25040785				
GCA_036851875.1	ASM3685187v1	Novacerus sp. FZ-2019	2585224						Australia population				350960255		138867	Scaffold	2024-02-23	JAAXYV01	2947	137781							SAMN11935679				
GCA_034698445.1	ASM3469844v1	Tomocerus minor	187706						Gr-Col-00146				223159318		164969	Contig	2023-12-27	JAQGBO01	2939	164969							SAMN25040914				
GCA_034700125.1	ASM3470012v1	Neelus murinus	1348065						MI_451				215357582		151636	Contig	2023-12-27	JAQIXF01	2741	151636							SAMN25040856				
GCA_034694425.1	ASM3469442v1	Arrhopalites sp. Gr-Col-00791	3018977						Gr-Col-00791				316254355		229257	Contig	2023-12-27	JAQHQX01	2355	229257							SAMN24116378				
GCA_034695165.1	ASM3469516v1	Desoria trispinata	1184801						Gr-Col-00313				192452473		315442	Contig	2023-12-27	JAQFZB01	1042	315442							SAMN25040771				
GCA_019776205.1	ASM1977620v1	Yoshiicerus persimilis	1978554										302669177		41627	Scaffold	2021-08-26	JABASE01	13056	41534							SAMN14540319				
