Assembly Accession	Assembly Name	Organism Name	Organism Taxonomic ID	ANI Check status	Organism Infraspecific Names Breed	Organism Infraspecific Names Strain	Organism Infraspecific Names Cultivar	Organism Infraspecific Names Ecotype	Organism Infraspecific Names Isolate	Organism Infraspecific Names Sex	Annotation Name	Annotation Release Date	Assembly Stats Total Sequence Length	Assembly Stats Total Number of Chromosomes	Assembly Stats Number of Contigs	Assembly Level	Assembly Release Date	WGS project accession	Assembly Stats Contig N50	Assembly Stats Number of Scaffolds	Annotation BUSCO Complete	Annotation BUSCO Single Copy	Annotation BUSCO Duplicated	Annotation BUSCO Fragmented	Annotation BUSCO Missing	Annotation BUSCO Lineage	Assembly BioSample Accession	Annotation Count Gene Total	Annotation Count Gene Protein-coding	Annotation Count Gene Pseudogene	CheckM completeness
GCA_949628265.1	ieCloDipt1.1	Cloeon dipterum	197152										190111064	5	46	Chromosome	2023-03-17	CATIVH01	10197503	10							SAMEA7520803				
GCF_949628265.1	ieCloDipt1.1	Cloeon dipterum	197152								GCF_949628265.1-RS_2024_05	2024-05-22	190111064	5	46	Chromosome	2023-03-17	CATIVH01	10197503	10	0.9817118	0.97147036	0.010241404	0.0021945867	0.016093636	insecta_odb10	SAMEA7520803	14761	13282	39	
GCA_949825025.1	ieSipAlte2.1	Siphlonurus alternatus	248243										455841872	11	517	Chromosome	2023-04-19	CATKWE01	1841543	107							SAMEA110034127				
GCA_949318235.1	ieEcdTorr1.1	Ecdyonurus torrentis	2014018										503205230	11	1011	Chromosome	2023-04-08	CASGGR01	968624	121							SAMEA7520824				
GCA_047372445.1	NJ_Pyou_V1	Parafronurus youi	490128						LR-2021				412902135	11	1429	Chromosome	2025-02-03	JAHKSX01	543807	219							SAMN19588419				
GCA_965282545.1	ieProBifi2.1	Procloeon bifidum	1592913										200854231	5	70	Chromosome	2025-05-18	CBDILG01	5718087	18							SAMEA112222162				
GCA_031216515.1	ASM3121651v1	Neocloeon triangulifer	2078957						White Clay Creek 2 clone	female			152025746		27	Contig	2023-08-30	JASKYO01	9835973	27							SAMN35345294				
GCF_031216515.1	ASM3121651v1	Neocloeon triangulifer	2078957						White Clay Creek 2 clone	female	GCF_031216515.1-RS_2023_09	2023-09-15	152025746		27	Contig	2023-08-30	JASKYO01	9835973	27	0.97951716	0.96634966	0.01316752	0.0021945867	0.018288223	insecta_odb10	SAMN35345294	13576	12721	27	
GCA_040583845.1	WUR_Evul_1.0	Ephemera vulgata	364141						Female1	female			578482353		6140	Contig	2024-07-10	JALBGF01	138697	6140							SAMN26659781				
GCA_001676355.1	B_61.contig	Baetis rhodani	189839						Tywi				174117300		381865	Contig	2016-06-24	LVVX01	529	381865							SAMN04568203				
GCA_949628225.1	ieCloDipt1.1 alternate haplotype	Cloeon dipterum	197152										186623221		352	Contig	2023-04-08	CATIVA01	1027393	352							SAMEA7520803				
GCA_902829235.1	CLODIP2	Cloeon dipterum	197152								Annotation submitted by CNAG	2020-04-15	180286980		1435	Scaffold	2020-04-15	CADEPI01	434950	1395							SAMEA6624811	16357	16287	70	
GCA_949824885.1	ieSipAlte2.1 alternate haplotype	Siphlonurus alternatus	248243										375428581		2696	Contig	2023-04-19	CATKWB01	314989	2696							SAMEA110034127				
GCA_949318265.1	ieEcdTorr1.1 alternate haplotype	Ecdyonurus torrentis	2014018										488003790		3600	Scaffold	2023-04-08	CASGGU01	289364	3596							SAMEA7520824				
GCA_965282615.1	ieProBifi2.1 alternate haplotype	Procloeon bifidum	1592913										3521872		7	Contig	2025-05-18	CBDIKW01	660227	7							SAMEA112222162				
GCA_000507165.2	Edan_2.0	Ephemera danica	1049336							male	Annotation submitted by The i5k Initiative	2020-05-04	474347418		25743	Scaffold	2017-12-12	AYNC02	55305	8161							SAMN02264621	18574	18562	12	
