Assembly Accession	Assembly Name	Organism Name	Organism Taxonomic ID	ANI Check status	Organism Infraspecific Names Breed	Organism Infraspecific Names Strain	Organism Infraspecific Names Cultivar	Organism Infraspecific Names Ecotype	Organism Infraspecific Names Isolate	Organism Infraspecific Names Sex	Annotation Name	Annotation Release Date	Assembly Stats Total Sequence Length	Assembly Stats Total Number of Chromosomes	Assembly Stats Number of Contigs	Assembly Level	Assembly Release Date	WGS project accession	Assembly Stats Contig N50	Assembly Stats Number of Scaffolds	Annotation BUSCO Complete	Annotation BUSCO Single Copy	Annotation BUSCO Duplicated	Annotation BUSCO Fragmented	Annotation BUSCO Missing	Annotation BUSCO Lineage	Assembly BioSample Accession	Annotation Count Gene Total	Annotation Count Gene Protein-coding	Annotation Count Gene Pseudogene	CheckM completeness
GCA_045014175.1	ASM4501417v1	Kerria lacca	473130						LAC	female	Annotation submitted by Institute of Highland Forest Science, Chinese Academy of Forestry	2024-11-18	256623901	9	9	Complete Genome	2024-11-18		28534742	9							SAMN32674135	10696	10696		
GCA_047948215.1	ASM4794821v1	Lycorma delicatula	130591						Av1	female			2201051051	13	200	Chromosome	2025-02-24	JBLIYR01	24075027	13							SAMN43303461				
GCF_047948215.1	ASM4794821v1	Lycorma delicatula	130591						Av1	female	GCF_047948215.1-RS_2025_07	2025-07-15	2201051051	13	200	Chromosome	2025-02-24	JBLIYR01	24075027	13	0.98326695	0.96095616	0.022310756	0.0035856573	0.01314741	hemiptera_odb10	SAMN43303461	17271	14205	736	
GCA_959613365.1	ihBalDimi2.1	Balanococcus diminutus	249498										313093071	5	75	Chromosome	2023-07-23		6650884	5							SAMEA7523485				
GCA_051942795.1	ASM5194279v1	Adelges abietis	419077						VV-2025				253164600	10	4070	Chromosome	2025-08-12	JBPQDH01	133492	10							SAMN44591496				
GCA_918797505.1	PGI_BMITA_v3	Bemisia tabaci	7038								Annotation submitted by ROTHAMSTED RESEARCH	2022-06-27	609949642	10	975	Chromosome	2022-07-12	CAKKNF02	1927910	150							SAMEA10332733	14353	14347	6	
GCF_918797505.1	PGI_BMITA_v3	Bemisia tabaci	7038								GCF_918797505.1-RS_2025_03	2025-03-12	609949642	10	975	Chromosome	2022-07-12	CAKKNF02	1927910	150	0.9772908	0.94183266	0.035458166	0.003984064	0.018725099	hemiptera_odb10	SAMEA10332733	14920	13438	68	
GCA_005508785.2	pea_aphid_22Mar2018_4r6ur_v2	Acyrthosiphon pisum	7029						AL4f				533632392	4	66716	Chromosome	2019-05-20	SDIB01	25986	21227							SAMN10253041				
GCF_005508785.2	pea_aphid_22Mar2018_4r6ur_v2	Acyrthosiphon pisum	7029						AL4f		NCBI Acyrthosiphon pisum Annotation Release 103	2021-05-24	533632392	4	66716	Chromosome	2019-05-20	SDIB01	25986	21227							SAMN10253041	20307	17681	297	
GCF_014356525.2	ASM1435652v1	Nilaparvata lugens	108931						BPH		NCBI Nilaparvata lugens Annotation Release 101	2021-02-12	1085539448	16	11403	Chromosome	2020-09-09	WOVF01	585858	6874							SAMN13382557	20891	18139	206	
GCA_017141395.1	ASM1714139v1	Laodelphax striatellus	195883		SBPH					male			510210580	15	901	Chromosome	2021-03-09	JADWYY01	1709941	312							SAMN16964796				
GCA_020184175.2	ASM2018417v2	Aphis gossypii	80765						Hap1				334855424	4	747	Chromosome	2021-09-30	JAGTJE01	3973335	504							SAMN18623971				
GCF_020184175.1	ASM2018417v2	Aphis gossypii	80765						Hap1		NCBI Aphis gossypii Annotation Release 101	2022-08-17	334855424	4	747	Chromosome	2021-09-30	JAGTJE01	3973335	504	0.9912351	0.9768924	0.014342629	0.00039840638	0.008366534	hemiptera_odb10	SAMN18623971	18811	14853	1312	
GCA_019009955.1	ASM1900995v1	Riptortus pedestris	329032						Suzhou-2019				1079517510	6	290	Chromosome	2021-06-24	JADPXZ01	161368828	290							SAMN16551742				
GCA_017141385.1	ASM1714138v1	Sogatella furcifera	113103		WBPH					male			563775791	15	1029	Chromosome	2021-03-09	JADWYZ01	2204669	259							SAMN16964799				
GCA_046127445.1	ASM4612744v1	Aphis glycines	307491						SQ-2024a				323986452	4	37	Chromosome	2024-12-18	JBJIER01	54110121	16							SAMN44253035				
GCA_009739505.2	ASM973950v2	Apolygus lucorum	248454						12Hb		Annotation submitted by Agricultural Genomics Institute at Shenzhen	2020-09-02	1023618409	17	3887	Chromosome	2020-09-02	WIXP02	783891	191							SAMN11095929	20353	20111	242	
GCA_009761765.1	ASM976176v1	Phenacoccus solenopsis	483260						jinhua	pooled male and female			292537731	5	1500	Chromosome	2019-12-18	VFXL01	489811	588							SAMN12012132				
GCA_023375725.1	ASM2337572v1	Nephotettix cincticeps	94400						Ncin_2020				745952930	8	946	Chromosome	2022-05-16	JAGISJ01	2551995	159							SAMN18520890				
GCA_024516035.1	ASM2451603v1	Bactericera cockerelli	290155						isoF-IL-20210217				567428061	13	4425	Chromosome	2022-08-05	JAMCCL01	420357	1409							SAMN27256069				
GCA_021130785.2	UT_GWSS_2.1	Homalodisca vitripennis	197043						AUS2020	pooled male and female			2304988238	9	14903	Chromosome	2022-01-26	JAJKGG02	168834166	14903							SAMN22783162				
GCF_021130785.1	UT_GWSS_2.1	Homalodisca vitripennis	197043						AUS2020	pooled male and female	NCBI Homalodisca vitripennis Annotation Release 100	2022-01-28	2304988238	9	14903	Chromosome	2022-01-26	JAJKGG02	168834166	14903	0.92749006	0.8195219	0.10796813	0.0103585655	0.062151395	hemiptera_odb10	SAMN22783162	22591	19904	611	
GCA_052550355.1	ASM5255035v1	Eocanthecona furcellata	696902						QH-2025	male			1140699769	8	59	Chromosome	2025-09-11	JBQWLX01	56194175	37							SAMN48729698				
GCA_950023065.1	ihPlaCitr1.1	Planococcus citri	170843										403646906	5	35	Chromosome	2023-05-01	CATLOI01	23636000	9							SAMEA7523510				
GCF_950023065.1	ihPlaCitr1.1	Planococcus citri	170843								GCF_950023065.1-RS_2024_05	2024-05-09	403646906	5	35	Chromosome	2023-05-01	CATLOI01	23636000	9	0.95936257	0.8701195	0.089243025	0.001992032	0.038645416	hemiptera_odb10	SAMEA7523510	19042	16596	88	
GCA_020882235.1	ASM2088223v1	Schizaphis graminum	13262						BZ-2018				499221988	6	300	Chromosome	2021-11-16	JAJFBB01	15350123	22							SAMN22210469				
GCA_928085145.1	PGI_NEZAVIv3	Nezara viridula	85310								Annotation submitted by ROTHAMSTED RESEARCH	2022-06-27	1185128795	7	631	Chromosome	2022-06-30	CAKMRH01	6352814	84							SAMEA10332717	15972	15971	1	
GCA_965641795.1	ihTriInfe1.hap1.1	Triatoma infestans	30076										1411124101	12	905	Chromosome	2025-07-13	CBFFKB01	24925000	691							SAMEA115718423				
GCA_040285775.1	ASM4028577v1	Arma chinensis	763200						Arma2018				970222492	7	1387	Chromosome	2024-06-25	JAGJRN01	2160000	618							SAMN15962625				
GCA_039619505.1	CUHK_Chem_1	Cimex hemipterus	757355						BE2021				490569871	16	28421	Chromosome	2024-05-13	JASJUQ01	31603	2844							SAMN18253122				
GCA_012654025.1	Pven_dovetail	Pachypsylla venusta	38123						AUS-FW-20181119				481970414	12	89056	Chromosome	2020-04-29	JAAEEI01	17590	39856							SAMN13937367				
GCA_042479345.1	ASM4247934v1	Brevicoryne brassicae	69196						HZAU-Chenlab-202108				429919214	8	129	Chromosome	2024-10-03	JBHUPR01	16795236	90							SAMN43971068				
GCA_020882245.1	ASM2088224v1	Rhopalosiphum padi	40932						XX-2018				338184925	4	272	Chromosome	2021-11-16	JAJFBC01	14338858	35							SAMN22210470				
GCF_020882245.1	ASM2088224v1	Rhopalosiphum padi	40932						XX-2018		GCF_020882245.1-RS_2023_11	2023-11-09	338184925	4	272	Chromosome	2021-11-16	JAJFBC01	14338858	35	0.99721116	0.9916335	0.005577689		0.0027888445	hemiptera_odb10	SAMN22210470	15592	13285	491	
GCA_036186465.1	ASM3618646v1	Nesidiocoris tenuis	355587			Japan					Annotation submitted by NARO	2023-09-20	265555232	17	72	Chromosome	2023-09-23		9028578	20							SAMD00631469	16341	16341		
GCA_964198125.1	ihTriDimi1.hap1.1	Triatoma dimidiata	72491										1220278580	13	1623	Chromosome	2024-07-12	CAXMYO01	3281451	1097							SAMEA114214721				
GCA_039877355.1	ASM3987735v1	Pyrrhocoris apterus	37000						JZ-2024a				1120152408	12	4096	Chromosome	2024-05-29	JBBVMJ01	2052233	2061							SAMN40649524				
GCA_030762985.1	ASM3076298v1	Adelphocoris suturalis	323751						AsHZAU2023				1281303703	12	1876	Chromosome	2023-08-21	JAUMHS01	1796523	97							SAMN30571463				
GCA_039619475.1	ASM3961947v1	Icerya purchasi	249532						S2021-27	female			1103380243	2	187	Chromosome	2024-05-13	JAYFSF01	12814294	41							SAMN39101672				
GCA_023052935.1	USDA_Piezodorus_guildinii_Assembly_v1.1	Piezodorus guildinii	437484						OP-2021	female			1205420128	7	1267	Chromosome	2022-04-27	JAJSOM01	7358154	807							SAMN17120497				
GCA_048127545.1	ASM4812754v1	Arma custos	291269		FAW				lab_2023a				976577182	7	466	Chromosome	2025-02-27	JBEJUF01	4490611	24							SAMN39655627				
GCA_019022885.1	Schi1.0	Schlechtendalia chinensis	38111						SC2021				280427550	13	580	Chromosome	2021-06-24	JAFHKX01	3390999	208							SAMN17839241				
GCA_018831715.1	ASM1883171v1	Matsumurasca onukii	2912585						IAE-20191127				599257890	10	1834	Chromosome	2021-06-10	JAHHFQ01	2169089	244							SAMN19276004				
GCA_008086715.1	ASM808671v1	Sitobion miscanthi	44668						Langfang-1	female			397852643	9	1145	Chromosome	2019-08-28	SSSL01	1613763	653							SAMN11401706				
GCA_019603395.1	ASM1960339v1	Cyrtorhinus lividipennis	1032904						HZCliv-2012	male			345739711	13	3795	Chromosome	2021-08-25	JADDOF01	169452	227							SAMN16418206				
GCA_050169925.1	ASM5016992v1	Megoura crassicauda	469902						jjc-1				429007017	6	63	Chromosome	2025-05-06	JBNBLD01	41569268	57							SAMN46992316				
GCA_048836485.1	ASM4883648v1	Paracoccus marginatus	252483						CP-00001				214161890	4	30	Chromosome	2025-03-24	JBLZST01	20015083	13							SAMN36348290				
GCA_003676215.3	ASM367621v3	Rhopalosiphum maidis	43146						BTI-1				326023155	4	689	Chromosome	2019-02-06	QORX02	9046396	220							SAMN09625554				
GCF_003676215.2	ASM367621v3	Rhopalosiphum maidis	43146						BTI-1		NCBI Rhopalosiphum maidis Annotation Release 101	2019-02-14	326023155	4	689	Chromosome	2019-02-06	QORX02	9046396	220	0.99760956	0.97450197	0.02310757	0.00039840638	0.001992032	hemiptera_odb10	SAMN09625554	13624	12060	703	
GCA_041296405.1	FAFU_Pbam_v1	Pseudoregma bambucicola	39655						FZ-2018	female			582229618	6	415	Chromosome	2024-08-16	JAXRZR01	6591695	255							SAMN38429071				
GCA_052327185.1	ASM5232718v1	Aquarius paludum	95691						AQ				1011789901	12	405	Chromosome	2025-08-28	JBQPAQ01	5967280	28							SAMN50631585				
GCA_956483605.1	ihTubSali1.1	Tuberolachnus salignus	96551										456750849	10	265	Chromosome	2023-07-14	CATQFH01	5549255	99							SAMEA112232857				
GCA_031841125.1	ASM3184112v1	Acanthococcus lagerstroemiae	2838189						ZJ2020003	female			658133298	9	1035	Chromosome	2023-09-25	JAJSSI01	5501287	439							SAMN24220686				
GCA_034769895.1	Decula_1.0	Magicicada septendecula	44680						RJB-2023a				6520083204	10	4185	Chromosome	2023-12-29	JAWRYS01	4908747	2015							SAMN34567766				
GCA_930367205.1	ihAcaHaem1.1	Acanthosoma haemorrhoidale	483950										865603386	7	545	Chromosome	2022-02-13	CAKNEZ01	3364162	72							SAMEA8563710				
GCA_963513935.1	ihAphAlni3.1	Aphrophora alni	295201										1781497363	15	3090	Chromosome	2023-09-28	CAUPSG01	1334000	1000							SAMEA110180667				
GCA_038030265.1	CAU_Ccil_1.0	Corythucha ciliata	369451						ZD-2023				401195523	7	1075	Chromosome	2024-04-10	JAWNBC01	1185369	95							SAMN37756863				
GCA_045999825.2	ihAdeTsug3_ihAdeTsug4_p1.1	Adelges tsugae	357502						HemlockWoollyAdelgid03 & HemlockWoollyAdelgid04	female			216371782	10	528	Chromosome	2024-12-11	JBJKTV01	900015	142							SAMN45065465				
GCA_041222665.1	Cwil_1.0	Cyamophila willieti	2604842						Cailab_2024_CWIL	pooled male and female	Annotation submitted by China Agricultral University	2024-08-13	359659768	13	2794	Chromosome	2024-08-13	JBEUCC01	808530	1652							SAMN40411279	15660	15660		
GCA_030545055.2	CTen_1	Neoaliturus tenellus	102981		Kimberly								1633505619	7	7915	Chromosome	2023-08-25	JAQYXR01	406776	1975							SAMN33246958				
GCA_013282895.1	WAA_JIC_1.0	Eriosoma lanigerum	133082						AA05	female			334868328	6	12474	Chromosome	2020-06-11	JABCUB01	157895	7146							SAMN14543364				
GCA_046119115.1	ASM4611911v1	Semiaphis heraclei	796293						she-1	female	Annotation submitted by institute of plant protection	2025-03-10	432989862	4	51	Chromosome	2024-12-17	JBJGEC01	81748631	44							SAMN44703489	13871	13871		
GCA_039955075.1	CNRRI_Nm_1.0	Nilaparvata muiri	706586						Nm_cnrri				524996739	15	167	Chromosome	2024-05-30	JBBVMH01	16898206	21							SAMN40648335				
GCA_020466155.1	ASM2046615v1	Pachypeltis micranthus	1983339						Pm825	male			712721212	15	93	Chromosome	2021-10-15	JAINFA01	16844724	37							SAMN20931151				
GCA_963675035.1	ihAllMode1.1	Allygus modestus	2591979										1819865731	7	471	Chromosome	2023-12-10	CAVLYM01	7371095	40							SAMEA112964466				
GCA_019925205.1	ASM1992520v1	Metopolophium dirhodum	44670						CAU				480811620	9	307	Chromosome	2021-09-14	JAIOUA01	7032305	67							SAMN20525404				
GCF_019925205.1	ASM1992520v1	Metopolophium dirhodum	44670						CAU		GCF_019925205.1-RS_2023_11	2023-11-09	480811620	9	307	Chromosome	2021-09-14	JAIOUA01	7032305	67	0.99601597	0.9729084	0.02310757	0.00039840638	0.0035856573	hemiptera_odb10	SAMN20525404	21365	17524	1954	
GCA_022606455.1	ASM2260645v1	Callitettix versicolor	533009						DCBMC1	male			974958395	10	1133	Chromosome	2022-03-18	JAJIZJ01	5631972	868							SAMN22365111				
GCA_032441825.1	ASM3244182v1	Chaetogeoica ovagalla	2939601						43583				293085176	27	128	Chromosome	2023-10-11	JAMBTI01	5384077	69							SAMN27939263				
GCA_955831195.1	ihPilPerp1.1	Pilophorus perplexus	881727										481318845	13	180	Chromosome	2023-07-14	CATPCS01	4796917	18							SAMEA111458829				
GCA_911387785.2	ihAelAcum1.2	Aelia acuminata	1511221										1169983176	8	688	Chromosome	2022-02-09	CAJVQU02	4690255	78							SAMEA7520338				
GCA_040020575.1	Rfu_1.0	Rhynocoris fuscipes	488301						lab_2022b		Annotation submitted by China Agricultural University	2024-06-03	621561295	15	1161	Chromosome	2024-06-03	JAPXFL01	3929296	90							SAMN32236258	13362	13362		
GCA_951217055.1	ihGerLacu2.1	Gerris lacustris	108914										937526974	11	598	Chromosome	2023-05-12	CATNVA01	3828687	87							SAMEA10107080				
GCA_022818045.1	ASM2281804v1	Neotoxoptera formosana	1425443						Neo-whol-001				371791193	6	1259	Chromosome	2022-04-06	JAIWJD01	2771963	357							SAMN21848627				
GCA_963662175.1	ihAraDepr1.1	Aradus depressus	1452771										697721168	14	498	Chromosome	2023-12-07	CAVLEL01	2718000	73							SAMEA112232731				
GCA_048001795.1	ASM4800179v1	Saccharosydne procerus	871471						ZL-2025	male			743037321	14	672	Chromosome	2025-02-25	JBLNNE01	1911740	161							SAMN46730507				
GCA_948150685.1	ihRhaNebu1.1	Rhaphigaster nebulosa	51622										1155797846	7	1228	Chromosome	2023-01-18	CANUHP01	1716941	74							SAMEA9066052				
GCA_949715065.1	ihPerAcec1.1	Periphyllus acericola	1425412										405345386	9	808	Chromosome	2023-04-08	CATIXT01	1546004	468							SAMEA10167089				
GCA_963920205.1	ihSteCalc1.1	Stenodema calcarata	863834										575352090	18	1166	Chromosome	2023-12-21	CAWUBA01	1163907	248							SAMEA112232803				
GCA_946811695.1	ihGonAcut1.1	Gonocerus acuteangulatus	1545138										1106193860	10	1870	Chromosome	2022-09-15	CAMPFC01	1130754	172							SAMEA7524254				
GCA_948455865.1	ihConAnce4.1	Conomelus anceps	491269										957836206	12	2252	Chromosome	2023-02-03	CAOJWK01	1071000	504							SAMEA12997853				
GCA_954871275.1	ihLepDola1.1	Leptopterna dolabrata	881489										987901686	17	2062	Chromosome	2023-07-15	CATPAC01	1003918	361							SAMEA112226472				
GCA_948098885.1	ihDrePlat2.1	Drepanosiphum platanoidis	527648										284505041	15	750	Chromosome	2023-01-09	CANUER01	666369	63							SAMEA10978756				
GCA_047371265.1	ASM4737126v1	Trioza urticae	121826						TUF20	female			659570566	13	16321	Chromosome	2025-02-05	JBJHYU01	59806	4280							SAMN43979447				
GCA_051295265.1	ihOxyHyal2 primary	Oxycarenus hyalinipennis	1149918						UC Riverside				727175642	10	118	Chromosome	2025-07-11	JBNFOR01	21310055	32							SAMN48085272				
GCA_965285795.1	ihAphMajo1.hap1.1	Aphrophora major	2898095										1404006152	16	329	Chromosome	2025-06-07	CBDIWK01	18410675	199							SAMEA117578675				
GCA_040954505.1	ASM4095450v1	Ranatra chinensis	642074						cailab_2021Rc		Annotation submitted by China Agricultural University	2024-08-01	777970226	23	180	Chromosome	2024-08-01	JBFDAA01	17369230	151							SAMN41055427	14188	14188		
GCA_965636975.1	ihMacMicr1.hap1.1	Macrodema micropterum	2882282										1132129945	9	394	Chromosome	2025-07-09	CBFETO01	16900000	285							SAMEA115574556				
GCA_032883995.1	ASM3288399v1	Coronaproctus castanopsis	3041021						Ccas_GT2022	female			700113905	3	143	Chromosome	2023-10-20	JAOQIE01	12370599	46							SAMN30184829				
GCA_046618645.1	ASM4661864v1	Orius strigicollis	82748						XHlabYRW-2024				159270476	12	73	Chromosome	2025-01-15	JBJYUV01	12053261	56							SAMN44385396				
GCA_964468525.1	ihRibUlmi2.1	Ribautiana ulmi	1889767										1631340464	9	489	Chromosome	2024-12-07	CAYXYG01	9296652	148							SAMEA113425603				
GCA_964257065.1	ihCocHesp2.1	Coccus hesperidum	538890										405400678	7	118	Chromosome	2024-08-30	CAXVDD01	8466229	41							SAMEA12110666				
GCA_964205205.1	ihCicViri2.1	Cicadella viridis	36150										1425453996	11	448	Chromosome	2024-07-29	CAXNSZ01	7802928	99							SAMEA112774796				
GCA_964056705.1	ihTroLuri1.hap2.1	Troilus luridus	1545368										842577471	6	459	Chromosome	2024-05-18	CAXKTH01	6436184	263							SAMEA10157799				
GCA_965282455.1	ihGraItal9.hap1.1	Graphosoma italicum	537450										1491838610	8	668	Chromosome	2025-05-18	CBDIKU01	6234386	297							SAMEA117571167				
GCA_050872025.1	LFNU_Cps_1.0	Ceroplastes pseudoceriferus	1182651						YL_KUN_2023				364527212	18	81	Chromosome	2025-06-10	JBPBLN01	6164612	21							SAMN48930594				
GCA_038380155.1	ASM3838015v1	Pseudococcus jackbeardsleyi	490930						SG-2024				334251981	5	350	Chromosome	2024-04-18	JAZDXF01	5622737	219							SAMN39643086				
GCA_032441835.1	ASM3244183v1	Slavum lentiscoides	2878228										336272330	17	313	Chromosome	2023-10-11	JAIVES01	5615258	202							SAMN21557478				
GCA_964204695.1	ihArtPasu2.1	Arthaldeus pascuellus	1655869										1275436852	9	506	Chromosome	2024-07-27	CAXNRJ01	5406509	72							SAMEA113425436				
GCA_964188295.1	ihPanGeni1.hap1.1	Panstrongylus geniculatus	156442										1362733512	12	1154	Chromosome	2024-06-21	CAXLPA01	4755781	660							SAMEA114214723				
GCA_965197075.1	ihAllComm1.hap1.1	Allygidius commutatus	2998517										1796070937	10	1251	Chromosome	2025-03-10	CBDALW01	3933470	443							SAMEA112232821				
GCA_964273525.1	ihHarThor2.1	Harpocera thoracica	516509										998730269	16	525	Chromosome	2024-10-04	CAXWWK01	3928050	101							SAMEA114644528				
GCA_965153375.1	ihAraTrun1.hap1.1	Aradus truncatus	2881568										858627637	15	579	Chromosome	2025-02-28	CBCUEL01	3648314	206							SAMEA114663830				
GCA_965612245.1	ihAphMosc1.hap1.1	Aphrophora moscoviciae	3384248										1670452449	15	2600	Chromosome	2025-07-08	CBFDNO01	3459458	2096							SAMEA117578674				
GCA_965211935.1	ihCloTriv1.1	Closterotomus trivialis	2026310										1163703463	16	1737	Chromosome	2025-03-17	CBDBUP01	3343532	752							SAMEA9359418				
GCA_964249955.1	ihAntNemo1.1	Anthocoris nemoralis	191314										301188006	15	279	Chromosome	2024-08-31	CAXUER01	2846292	80							SAMEA110451534				
GCA_027580255.1	ASM2758025v1	Therioaphis trifolii	935269					Langfang, Hebei, China	LF-2019				541299359	8	935	Chromosome	2023-01-09	JALBXZ01	2544558	575							SAMN25708011				
GCA_050947255.1	ASM5094725v1	Orius nagaii	82745						CXW-2025				152618562	14	195	Chromosome	2025-06-17	JBMPGR01	2390301	67							SAMN47623994				
GCA_964341005.1	ihAlyCalc2.hap1.1	Alydus calcaratus	881521										1007279909	7	1147	Chromosome	2024-11-21	CAYFCI01	2349951	248							SAMEA114644830				
GCA_965637085.1	ihBerCras1.hap1.1	Berytinus crassipes	1545285										1554309387	16	4255	Chromosome	2025-07-09	CBFETS01	1935816	3499							SAMEA114644480				
GCA_041002905.1	ihLepPhyl2	Leptoglossus phyllopus	1284684						ihLepPhyl2	male			1665554292	10	1819	Chromosome	2024-08-01	JBDNCC01	1824238	140							SAMN40534740				
GCA_965653845.1	ihMegPrae1.hap1.1	Megalonotus praetextatus	1545161										2500666807	7	4096	Chromosome	2025-08-03	CBFHCC01	1506233	1822							SAMEA114644612				
GCA_964267455.1	ihEmpDeci1.1	Hebata decipiens	3433878										1421956716	11	3151	Chromosome	2024-09-28	CAXWIS01	1439878	1611							SAMEA110451560				
GCA_965615965.1	ihBerMont1.hap1.1	Berytinus montivagus	1545287										1307316633	17	1893	Chromosome	2025-07-08	CBFEBG01	1343705	630							SAMEA114644481				
GCA_041937245.1	UF_Toli_1.0	Toumeyella liriodendri	3140520						Toli018	female			536180826	17	949	Chromosome	2024-09-18	JBEUKQ01	1303606	366							SAMN41954745				
GCA_045410785.1	GL_inrae_Locc_v3	Leptoglossus occidentalis	236887						L-TRANS-5-G				1745641051	10	4833	Chromosome	2024-11-27	JBFUUE01	664677	211							SAMN42831072				
GCA_047370795.1	ASM4737079v1	Dyspersa apicalis	3350242						TrAp2				594045867	13	4799	Chromosome	2025-02-05	JBJHYT01	251853	559							SAMN44011773				
GCA_052327235.1	UF_Nivi_1.0	Nipaecoccus viridis	249496						TEL-2025a	female			283416491	5	2110	Chromosome	2025-08-28	JBQMQJ01	244710	544							SAMN41081750				
GCA_047371775.1	ASM4737177v1	Trioza anthrisci	2023874						TrAn22				587803007	13	4718	Chromosome	2025-02-05	JBJHYV01	212386	361							SAMN44011761				
GCA_017140985.1	hormaphis_cornu_26Sep2017_PoQx8	Hormaphis cornu	30177						80				319692780	9	29455	Chromosome	2021-03-09	JABAOA01	66442	11241							SAMN14424900				
GCA_000475195.1	Diaci psyllid genome assembly version 1.1	Diaphorina citri	121845										485705082		176470	Scaffold	2013-10-22	AWGM01	34407	161988							SAMN00100712				
GCF_000475195.1	Diaci psyllid genome assembly version 1.1	Diaphorina citri	121845								NCBI Diaphorina citri Annotation Release 102	2018-10-15	485705082		176470	Scaffold	2013-10-22	AWGM01	34407	161988	0.86772907	0.8191235	0.048605576	0.062948205	0.06932271	hemiptera_odb10	SAMN00100712	26710	20082	511	
GCA_000648675.3	Clec_2.1	Cimex lectularius	79782			Harlan			CLEC.00	male			510833625		2868	Scaffold	2017-12-12	JHUN02	552423	1573							SAMN02649412				
GCF_000648675.2	Clec_2.1	Cimex lectularius	79782			Harlan			CLEC.00	male	NCBI Cimex lectularius Annotation Release 101	2018-02-21	510833625		2868	Scaffold	2017-12-12	JHUN02	552423	1573	0.9936255	0.9812749	0.012350597	0.00039840638	0.005976096	hemiptera_odb10	SAMN02649412	14647	11949	219	
GCA_001856785.1	MPER_G0061.0	Myzus persicae	13164			clone G006				female			347296088		6043	Scaffold	2016-09-19	LXJY01	218922	4020							SAMN04909046				
GCF_001856785.1	MPER_G0061.0	Myzus persicae	13164			clone G006				female	NCBI Myzus persicae Annotation Release 100	2017-08-10	347296088		6043	Scaffold	2016-09-19	LXJY01	218922	4020	0.99760956	0.98924303	0.008366534	0.00079681276	0.0015936255	hemiptera_odb10	SAMN04909046	17052	15006	700	
GCA_049639745.1	Rpr	Rhodnius prolixus	13249						KJV_2025				588460904		84	Scaffold	2025-04-15	JBMIRN01	27976301	63							SAMN47546783				
GCF_049639745.1	Rpr	Rhodnius prolixus	13249						KJV_2025		GCF_049639745.1-RS_2025_05	2025-05-09	588460904		84	Scaffold	2025-04-15	JBMIRN01	27976301	63	0.97968125	0.9693227	0.0103585655	0.0027888445	0.01752988	hemiptera_odb10	SAMN47546783	16448	12270	302	
GCA_011764245.1	ASM1176424v1	Trialeurodes vaporariorum	88556						IVF	pooled male and female			787484423		3605	Scaffold	2020-03-27	VMOF01	499458	399							SAMN12250268				
GCA_019425605.1	ASM1942560v1	Sitobion avenae	44664						Sa-YL-2016	female			393018683		30179	Scaffold	2021-07-30	VSBQ01	244199	27478							SAMN12511959				
GCA_000696795.3	Hhal_1.1	Halyomorpha halys	286706						HHAL.00	female	Annotation submitted by The i5k Initiative	2019-11-13	1150087594		132305	Scaffold	2019-10-15	JMPT03	17705	12165							SAMN02737379	1067	1038	28	
GCF_000696795.3	Hhal_1.1	Halyomorpha halys	286706						HHAL.00	female	GCF_000696795.3-RS_2024_07	2024-07-26	1150087594		132305	Scaffold	2019-10-15	JMPT03	17705	12165	0.98924303	0.9689243	0.020318724	0.003984064	0.0067729084	hemiptera_odb10	SAMN02737379	17693	14486	210	
GCA_000696205.2	Ofas_2.0	Oncopeltus fasciatus	7536						OFAS.00	pooled males and females			1099611736		150946	Scaffold	2018-05-01	JHQO02	11156	15991							SAMN02645558				
GCA_001186385.1	Dnoxia_1.0	Diuraphis noxia	143948			RWA2				female			395057805		50912	Scaffold	2015-07-23	JOTR01	13141	5636							SAMN02693874				
GCF_001186385.1	Dnoxia_1.0	Diuraphis noxia	143948			RWA2				female	NCBI Diuraphis noxia Annotation Release 100	2016-02-01	395057805		50912	Scaffold	2015-07-23	JOTR01	13141	5636	0.9721116	0.9625498	0.009561753	0.017928287	0.00996016	hemiptera_odb10	SAMN02693874	13004	12390	294	
GCA_003667255.2	SB_ver2_2022	Euschistus heros	437493						2730				1311279844		2152	Scaffold	2023-01-26	RCWM02	1968454	2151							SAMN10147922				
GCA_011428145.1	ASM1142814v1	Ericerus pela	931557						colony RIRI-1				654859808		4124	Scaffold	2020-03-18	WOFM01	410234	2396							SAMN13135046				
GCA_002803265.2	SCAv2.0	Melanaphis sacchari	742174			LSU							300271876		3172	Scaffold	2018-06-22	PDEX02	275006	1347							SAMN07757676				
GCF_002803265.2	SCAv2.0	Melanaphis sacchari	742174			LSU					NCBI Melanaphis sacchari Annotation Release 100	2018-06-27	300271876		3172	Scaffold	2018-06-22	PDEX02	275006	1347	0.9940239	0.987251	0.0067729084	0.0011952191	0.0047808765	hemiptera_odb10	SAMN07757676	13619	12320	638	
GCA_009835225.1	LBME_Acra_1.0	Aphis craccivora	307492						180601		Annotation submitted by Belarusian State University	2020-01-09	318873360		23808	Scaffold	2020-01-09	VUJU01	32785	17780							SAMN12496439	32005	32005		
GCA_030264115.1	USDA_Lygus_lineolaris_Assembly_v1	Lygus lineolaris	50650						SIMRU inbred line	female			599956567		135382	Scaffold	2023-06-12	JAEMON01	7190	3963							SAMN17087946				
GCA_028750875.1	UCM_ALF_1.0	Macrosteles quadrilineatus	74068						MER2022	pooled male and female			1317891973		2177	Scaffold	2023-02-17	JAQOVI01	3405181	1164							SAMN32944381				
GCF_028750875.1	UCM_ALF_1.0	Macrosteles quadrilineatus	74068						MER2022	pooled male and female	GCF_028750875.1-RS_2023_03	2023-03-16	1317891973		2177	Scaffold	2023-02-17	JAQOVI01	3405181	1164	0.9749004	0.5940239	0.38087648	0.00079681276	0.024302788	hemiptera_odb10	SAMN32944381	24178	21979	103	
GCA_025091365.1	ASM2509136v1	Daktulosphaira vitifoliae	58002						Bord-2020	female			282588554		17226	Scaffold	2022-09-08	JANVCY01	72133	8544							SAMN30354038				
GCF_025091365.1	ASM2509136v1	Daktulosphaira vitifoliae	58002						Bord-2020	female	NCBI Daktulosphaira vitifoliae Annotation Release 100	2022-09-14	282588554		17226	Scaffold	2022-09-08	JANVCY01	72133	8544	0.9908367	0.9685259	0.022310756	0.0015936255	0.007569721	hemiptera_odb10	SAMN30354038	17104	14650	192	
GCA_018207615.1	Pspu_JIC_v1.0	Philaenus spumarius	36667						PSPU_08	female			2760693840		430150	Scaffold	2021-04-29	JAGFPH01	12045	237480							SAMN13900937				
GCA_035079395.1	AsDes_1.0	Aspidiotus destructor	340523					Romblon	CSI_D-R2020				369248606		62	Contig	2024-01-04	JAVHKZ01	43127365	62							SAMN36719795				
GCA_036971475.1	USDA_Prosapia_bicincta_1.0	Prosapia bicincta	139605						DM-2020				2219595121		833	Scaffold	2024-03-04	JBAIZL01	10059942	428							SAMN35984262				
GCA_033439095.1	ASM3343909v1	Pseudococcus viburni	249563						LR18-B1				435361088		2465	Scaffold	2023-11-08	JAVBJF01	826556	2392							SAMN36892144				
GCA_035578905.1	UIUC_Stibi_1.0	Stictocephala bisonia	1585304						EB20				1697723675		15322	Scaffold	2024-01-11	JAQJVL01	385276	13127							SAMN29417781				
GCA_018703685.1	ASM1870368v1	Orius laevigatus	82742						EB-2019				150957203		2237	Scaffold	2021-06-03	JAGWEN01	104060	2050							SAMN18741476				
GCA_052095345.1	ihAphSpie1_p1.1	Aphis spiraecola	224527						SpireaAphid_M02 / CBP02029B				335406685		94	Contig	2025-08-18	JBMSVD01	12187892	94							SAMN46487557				
GCA_035079385.1	AsRig_1.0	Aspidiotus rigidus	2043367					Romblon	CSI_R-R2020				441107189		102	Contig	2024-01-04	JAVHKY01	9702092	102							SAMN36719000				
GCA_019843655.1	UK_Lind_1.0	Lethocerus indicus	212017						Cambodia-1	pooled male and female			426832363		502	Scaffold	2021-09-01	JACDQD01	5900000	212							SAMN14395424				
GCA_949089665.1	Meuphorbiae_v1	Macrosiphum euphorbiae	13131								Annotation submitted by CENTRE FOR GENOMIC RESEARCH UNIVERSITY OF LIVERPOOL	2023-05-30	560308062		3222	Scaffold	2023-05-30	CARXXK01	731014	1914							SAMEA110751860	31074	31074		
GCA_049308425.1	ihTamCowe1.0.p	Tamalia coweni	133113						DMB7				1551047063		6920	Scaffold	2025-04-04	JBMEVJ01	442952	4871							SAMN43760953				
GCA_014119065.1	ASM1411906v1	Orius insidiosus	83647						QHMPB2020	pooled male and female			328990643		4518	Contig	2020-08-10	JACGAQ01	102366	4518							SAMN14968925				
GCA_001010745.2	Gbue_2.0	Gerris buenoi	56086						GBUE.00	pooled males and females			994443371		136873	Scaffold	2018-02-12	JHBY02	10917	18844							SAMN02800617				
GCA_011326945.2	ASM1132694v2	Magicicada septendecim	44679						J4GVPIW7D5				1126058101		1036817	Scaffold	2022-11-22	JAAAXY02	1192	1027604							SAMN08595869				
GCA_036289425.1	JGU_Rn_01	Rhopalosiphum nymphaeae	253253						Rn01				324399055		91	Contig	2024-01-30	JAZAQC01	12665797	91							SAMN37353944				
GCA_023614345.1	UGA_ACOO_1.1	Adelges cooleyi	133065						19-005CV				270197466		962	Scaffold	2022-05-31	JALSES01	7175929	840							SAMN27609877				
GCF_023614345.1	UGA_ACOO_1.1	Adelges cooleyi	133065						19-005CV		NCBI Adelges cooleyi Annotation Release 100	2022-09-07	270197466		962	Scaffold	2022-05-31	JALSES01	7175929	840	0.9920319	0.9685259	0.023505976	0.00079681276	0.0071713147	hemiptera_odb10	SAMN27609877	15325	13556	225	
GCA_031894815.1	AGI_CSIRO_Cdil_V1	Creontiades dilutus	173679						GMM1	male			797367093		9714	Contig	2023-09-25	JAVIWC01	1216613	9714							SAMN36815696				
GCA_042834665.1	UTK_Asol_2.0	Aulacorthum solani	202456						As13				669289444		6871	Contig	2024-10-09	JBHJKM01	197340	6871							SAMN43496284				
GCA_040939245.1	UCRA_v1.1	Umbonia crassicornis	54658						BER-0021				1200546947		208233	Scaffold	2024-07-29	JBEHCC01	12766	113607							SAMN41772128				
GCA_016617965.1	ASM1661796v1	Macrosiphum rosae	44659						ROC1				568542706		599415	Scaffold	2021-01-12	WHPZ01	6600	590887							SAMN13016521				
GCA_028571305.1	ASM2857130v1	Magicicada cassinii	38086						IRGN GFA4N4WE6C				1926507681		942928	Scaffold	2023-02-09	JAOXNS01	2695	928839							SAMN20448335				
GCA_041753995.1	UDEL_Tsan_1.0	Triatoma sanguisuga	72494						JP-2024a	male			1162032719		180	Contig	2024-09-05	JBGMDW01	94972618	180							SAMN42814409				
GCA_051175985.1	ihAphIlli1_p1.1	Aphis illinoisensis	527570						GrapevineAphid_M02 / CBP02027B				333882899		22	Contig	2025-07-02	JBLQZB01	47923832	22							SAMN46487556				
GCA_046862315.1	ASM4686231v1	Uroleucon formosanum	796250						JL-2023		Annotation submitted by Institute of Zoology, Chinese Academy of Sciences	2025-01-21	453228767		91	Contig	2025-01-21	JAUIYP01	33215695	91							SAMN35816423	30215	30215		
GCA_035578175.1	UIUC_Catca_1.0	Catonia carolina	1187021		wildtype				EB17				1471404947		486	Scaffold	2024-01-11	JAQMRL01	23655370	142							SAMN29417779				
GCA_040805895.1	UIUC_Oncor_1.0	Oncometopia orbona	178304		wildtype				EB19				1471404947		486	Scaffold	2024-07-22	JAQIYN01	23655370	142							SAMN29417780				
GCA_038050395.1	Pcorni_AWRI1	Parthenolecanium corni	536013						AWRI1		Annotation submitted by Australian Wine Research Institute	2024-04-10	231203063		43	Contig	2024-04-10	JBBCAQ01	14265238	43							SAMN40257363	14951	14951		
GCA_026182355.1	ASM2618235v1	Hermatobates lingyangjiaoensis	2715443						XS_LYJhc				912184758		1939	Contig	2022-11-15	JAPFBL01	2563564	1939							SAMN14260172				
GCA_035578135.1	UIUC_Fleat_1.0	Flexamia atlantica	57336						EB31				1326920946		1378	Scaffold	2024-01-11	JAQJVK01	2143989	563							SAMN29417784				
GCA_046256045.1	Akondoi_Kellerberrin_v1	Acyrthosiphon kondoi	34664					Kellerberrin isoline	BGA26				443806135		682	Scaffold	2024-12-23	JAUMJG01	1725216	652							SAMN36349546				
GCA_049998655.1	ASM4999865v1	Uroleucon eupatorifoliae	527893						01				452139737		782	Contig	2025-04-29	JBLZVC01	1583613	782							SAMN46827035				
GCA_037159825.1	Tnot_Tucson_v1	Tupiocoris notatus	1903630						JKG-2021a	pooled male and female			291738946		886	Contig	2024-03-14	JASJUZ01	674918	886							SAMN35042126				
GCA_902439185.1	CINCED3	Cinara cedri	506608								Annotation submitted by CNAG	2019-09-18	396042769		6160	Scaffold	2019-09-18	CABPRJ01	282647	2842							SAMEA5767180	139239	16833	157	
GCA_027563435.1	ASM2756343v1	Nasonovia ribisnigri	269403						WT_Kent	female			411614453		5225	Contig	2023-01-03	JANEHU01	259518	5225							SAMN29667035				
GCA_018340805.1	IGFL_Mlon_1.0	Microvelia longipes	1101180						CP-2014	pooled male and female			669260052		7828	Scaffold	2021-05-11	JACMZG01	217945	1935							SAMN14278894				
GCA_034509805.1	ASM3450980v1	Sipha maydis	805083		Midelt								409544601		3570	Contig	2023-12-21	JASXSY01	187221	3570							SAMN35741073				
GCA_003268045.1	YSA_version1	Sipha flava	143950						LNK				353179758		5193	Scaffold	2018-06-26	QGMW01	163055	1923							SAMN09230380				
GCF_003268045.1	YSA_version1	Sipha flava	143950						LNK		NCBI Sipha flava Annotation Release 100	2018-07-05	353179758		5193	Scaffold	2018-06-26	QGMW01	163055	1923	0.9669323	0.9557769	0.011155378	0.0023904382	0.03067729	hemiptera_odb10	SAMN09230380	15476	13575	925	
GCA_025469195.1	ASM2546919v1	Chaitophorus viminalis	12999						NAM_Cha_2020				411837257		171854	Scaffold	2022-09-28	JAIPRK01	95547	170214							SAMN21162906				
GCA_014851325.1	Penig_v1	Pentalonia nigronervosa	693967						sample_4				375222927		20852	Scaffold	2020-10-05	JACXSJ01	64073	18328							SAMN14694489				
GCA_003261595.1	MB_VBL1.0	Maconellicoccus hirsutus	177089						vbl2512	pooled male and female			189239095		28882	Contig	2018-06-25	QBDW01	50278	28882							SAMN08634590				
GCA_021307375.1	tetraneura_10X_genome_133	Tetraneura akinire	460822						DLS19ref				343116958		22889	Scaffold	2021-12-28	JAIUCT01	37099	10720							SAMN21170551				
GCA_025469235.1	ASM2546923v1	Pemphigus obesinymphae	121825						NAM_Pem_2020				657710021		130652	Scaffold	2022-09-28	JAIPRL01	34456	126996							SAMN21162905				
GCA_900060175.1	FVIR	Ferrisia virgata	223228										304570832		33491	Scaffold	2016-03-27	FIZR01	24304	32723							SAMEA3699094				
GCA_900064475.1	PLON	Pseudococcus longispinus	13233										284990201		67377	Scaffold	2016-03-27	FIZU01	9727	66857							SAMEA3699095				
GCA_010014745.2	ASM1001474v2	Stiretrus anchorago	1891344						SMLB0N8UGS				888330509		256461	Scaffold	2023-02-09	WUAS02	4988	217792							SAMN05580311				
GCA_900050545.1	TPER	Trionymus perrisii	1295211										237582517		80611	Scaffold	2016-03-27	FIZV01	4604	80386							SAMEA3699109				
GCA_046118335.1	ASM4611833v1	Kinnapotiguara troglobia	3118900						F6QLIMTH60				692615264		251207	Scaffold	2024-12-16	JBJNHK01	4597	230166							SAMN43334184				
GCA_010016005.3	ASM1001600v3	Zanna intricata	548553						ZP7V8E2CI4				1827012383		622199	Scaffold	2023-02-09	JAAAKQ03	4481	520106							SAMN05437318				
GCA_018107765.1	FuEDEI_HPun_1.1	Hypogeococcus pungens	249508							male			238234246		258686	Scaffold	2021-04-20	JAAOIU01	1723	250844							SAMN14316929				
GCA_044343685.1	ASM4434368v1	Tenagobia incerta	1589715						BX161216XW				222335304		378928	Scaffold	2024-11-04	JAEFBG01	921	293697							SAMN16222939				
GCA_050859255.1	ASM5085925v1	Ceroplastes rusci	1285730						Najaf-1				353927275		464542	Contig	2025-06-09	JBPAZG01	878	464542							SAMN48920718				
GCA_050613935.1	ASM5061393v1	Diaprepocoris zealandiae	280170						XXL071202DG				400942836		1003786	Scaffold	2025-05-29	JAEFBI01	476	810910							SAMN16220131				
GCA_050640425.1	ASM5064042v1	Nepa cinerea	280154						NEP_Ncin_NGS				241714829		818626	Scaffold	2025-06-02	JADFUF01	307	728692							SAMN16222934				
GCA_049903775.1	ASM4990377v1	Cimex lectularius	79782						Harlain	female			537867418	15	510	Chromosome	2025-04-24	JBITNS01	2011084	15							SAMN43944028				
GCA_049903765.1	ASM4990376v1	Cimex lectularius	79782						Harlain	female			540744411	15	1088	Chromosome	2025-04-24	JBITNT01	993682	15							SAMN43944028				
GCA_047948205.1	ASM4794820v1	Lycorma delicatula	130591						Av1	female			2217731716	13	153	Chromosome	2025-02-24	JBLIYS01	25416185	13							SAMN43303461				
GCA_952773005.1	ihIcePurc2.1	Icerya purchasi	249532										1098446509	2	677	Chromosome	2023-06-19		2764913	2							SAMEA7523480				
GCA_015708395.1	ASM1570839v1	Nilaparvata lugens	108931						BPH2020	male			955042779	16	3184	Chromosome	2020-12-01	JADOXM01	1015374	880							SAMN16680818				
GCA_014356525.1	ASM1435652v1	Nilaparvata lugens	108931						BPH				1087807972	16	11622	Chromosome	2020-09-09	WOVF01	583858	7093							SAMN13382557				
GCA_044336275.1	Diaci v3.0	Diaphorina citri	121845						Kuwayama-2024	pooled male and female			470000869	13	14257	Chromosome	2024-11-04	JBICBU01	38717	1141							SAMN36763585				
GCA_014465815.1	ASM1446581v1	Laodelphax striatellus	195883						SBPH				540152433	15	49799	Chromosome	2020-09-09	WOVE01	86418	37649							SAMN13382558				
GCA_917880025.4	PGI_APHIGO_v101	Aphis gossypii	80765								Annotation submitted by ROTHAMSTED RESEARCH	2022-10-18	325719615	4	651	Chromosome	2022-10-18	CAKJTX04	4181269	14							SAMEA10332731	12266	12229		
GCA_029232275.1	ASM2923227v1	Myzus persicae	13164						USDA-Red				383075715	6	708	Chromosome	2023-03-20	JAOVYY01	3783183	299							SAMN31207790				
GCA_020184165.1	ASM2018416v1	Aphis gossypii	80765						Hap3				377585537	4	675	Chromosome	2021-09-30	JAGTJF01	2200049	480							SAMN18623972				
GCA_050655605.1	ASM5065560v1	Cimex lectularius	79782						London Lab	female			505835457	15	6360	Chromosome	2025-06-02	JBOIGS01	147619	2070							SAMN46273096				
GCA_034513635.1	ASM3451363v1	Sogatella furcifera	113103		WBPH								641841967	15	1220	Chromosome	2023-12-26	JAXIVM01	3782971	632							SAMN37712250				
GCA_014356515.1	ASM1435651v1	Sogatella furcifera	113103						WBPH				656291902	15	29266	Chromosome	2020-09-09	WOVD01	57334	3615							SAMN13382559				
GCA_040954635.1	ihLycDeli1	Lycorma delicatula	130591						ihLycDeli1	female			2288384712	13	303	Chromosome	2024-08-01	JBDMBB01	16286200	83							SAMN40348299				
GCA_052056905.1	ASM5205690v1	Eocanthecona furcellata	696902						Guangxi Hechi				1095920700	8	75	Chromosome	2025-08-15	JBPYXR01	42082235	17							SAMN50224132				
GCA_051943165.1	ASM5194316v1	Eocanthecona furcellata	696902						ZM-2025				1026100014	7	965	Chromosome	2025-08-12	JBPZNH01	2193528	129							SAMN50228901				
GCA_038630835.1	Msac_v1	Melanaphis sacchari	742174						JC-2024C				355491910	4	234	Chromosome	2024-04-29	JBCITD01	9323848	135							SAMN24450445				
GCA_037127475.1	ASM3712747v1	Arma custos	291269						FDSW210240299	male			969112555	7	1142	Chromosome	2024-03-14	JBBAGI01	2105537	179							SAMN36812018				
GCA_049724165.1	CAAS_Mcra_1.0	Megoura crassicauda	469902						TH-2025a				424338014	5	752	Chromosome	2025-04-17	JBMIHI01	5311209	544							SAMN46975697				
GCA_041146465.1	ASM4114646v1	Nilaparvata muiri	706586						ZL-2024	male			531620484	15	716	Chromosome	2024-08-12	JBCEXI01	2473838	368							SAMN40649693				
GCA_050437505.1	ASM5043750v1	Nilaparvata muiri	706586						ZL-2024a	male			507404088	15	2056	Chromosome	2025-05-19	JBBWUP01	857722	760							SAMN40548763				
GCA_043165465.1	SNNU_Sher_1	Semiaphis heraclei	796293						SHE_snnu_v1	female			404347666	4	928	Chromosome	2024-10-16	JBEIVQ01	829441	33							SAMN39280962				
GCA_965285815.1	ihAphMajo1.hap2.1	Aphrophora major	2898095										1245302530	14	581	Chromosome	2025-06-07	CBDIWJ01	14376231	441							SAMEA117578675				
GCA_964056715.1	ihTroLuri1.hap1.1	Troilus luridus	1545368										1044498619	8	807	Chromosome	2024-05-18	CAXKTI01	5466433	521							SAMEA10157799				
GCA_965653145.1	ihMegPrae1.hap2.1	Megalonotus praetextatus	1545161										2376954629	7	4165	Chromosome	2025-08-03	CBFHCB01	1530000	1880							SAMEA114644612				
GCA_903994105.1	B.tabaci_ASIAII5_Canu_n227_616Mb	Bemisia tabaci	7038										616120436		227	Contig	2021-02-12	CAJEWF01	10839054	227							SAMEA7109251				
GCA_903994125.1	B.tabaci_SSA2_Nigeria_n785_625mb	Bemisia tabaci	7038			SSA2 Nigeria F6							625325389		785	Contig	2021-02-12	CAJEWI01	7807116	785							SAMEA6602612				
GCA_903994115.1	B.tabaci_SSA3_Nigeria_2278n_648mb	Bemisia tabaci	7038			SSA3 Nigeria F8							648308134		2278	Contig	2021-02-12	CAJEWH01	2199268	2278							SAMEA6602613				
GCA_032446465.1	ASM3244646v1	Bemisia tabaci	7038						AsiaII1				624436858		4677	Scaffold	2023-10-06	VMEH01	930732	4657							SAMN12250384				
GCA_032446445.1	ASM3244644v1	Bemisia tabaci	7038						AsiaII6				635750203		4430	Scaffold	2023-10-06	VMEG01	811899	4408							SAMN12250386				
GCA_032451815.1	ASM3245181v1	Bemisia tabaci	7038						AsiaII7				616362761		4000	Scaffold	2023-10-06	VLTD01	804665	3973							SAMN12250382				
GCA_032446435.1	ASM3244643v1	Bemisia tabaci	7038						Asia1				647711061		3414	Scaffold	2023-10-06	VMEI01	765195	3386							SAMN12250388				
GCA_032448905.1	ASM3244890v1	Bemisia tabaci	7038						Med	pooled male and female			607203895		3693	Scaffold	2023-10-06	VMOE01	716260	1525							SAMN12250362				
GCA_902825415.1	B.tabaci_SSA1-SG1_Ug_Canu_n955_657Mb	Bemisia tabaci	7038			SSA1-SG1 Uganda F8							657779510		3098	Scaffold	2021-02-12	CADEAZ01	553696	955							SAMEA5678105				
GCA_902825425.1	B.tabaci_SSA1-SG1_Nigeria_Canu_n4493_656Mb	Bemisia tabaci	7038			SSA1-SG1 Nigeria F8							656260349		4493	Contig	2021-02-12	CADEBA01	458228	4493							SAMEA5884016				
GCA_903994095.1	B.tabaci_SweetPotato_whitefly_Canu_n5713_630Mb	Bemisia tabaci	7038			Uganda Sweetpotato F5							630407635		9772	Scaffold	2021-02-12	CAJEWG01	91551	5713							SAMEA7109459				
GCA_003994315.1	CAAS_Bemtab1.0	Bemisia tabaci	7038						CAASIVF2012BtQ				657500294		30825	Scaffold	2018-12-11	LIED01	44202	4973							SAMN03382551				
GCA_004919745.1	ASM491974v1	Bemisia tabaci	7038						SSA1				538478037		161751	Scaffold	2019-04-29	PGTP01	30402	143336							SAMN08026415				
GCA_024506315.3	CRF-CA_Dcit_v2	Diaphorina citri	121845						CRF-CA male	male	Annotation submitted by University of California, Davis	2022-08-06	282514629		886	Scaffold	2022-08-02	JAKMOW01	1349711	336							SAMN25248377	26555	26544	11	
GCA_024506325.2	CRF-TW_Dcit	Diaphorina citri	121845						CRF-TW male	male	Annotation submitted by University of California, Davis	2022-08-06	282892108		1528	Scaffold	2022-08-02	JAKMOV01	602947	452							SAMN25248378	17398	17367	31	
GCA_024506275.2	CRF-UY_Dcit	Diaphorina citri	121845						CRF-UY male	male	Annotation submitted by University of California, Davis	2022-08-06	266678638		1615	Scaffold	2022-08-02	JAKMOU01	408991	382							SAMN25248379	16679	16620	59	
GCA_003335185.2	ASM333518v2	Laodelphax striatellus	195883						Lst14		Annotation submitted by Institute of Zoology, Chinese Academy of Sciences	2019-06-18	539918070		48483	Scaffold	2019-02-15	QKKF02	119723	38197							SAMN07336317	17537	17512	25	
GCA_045950595.1	Clec_Hiroshima_strain_resistant_pri_01	Cimex lectularius	79782						Clec_Hiroshima_strain_resistant				614893704		1092	Contig	2024-08-27	BAAFRF01	2132290	1092							SAMD00798308				
GCA_044509555.1	AAFC_Mper_1.0	Myzus persicae	13164						Gillespie	female			412247544		1682	Scaffold	2024-11-06	JBIGLE01	1577195	914							SAMN43573412				
GCA_045950125.1	Clec_Teikyo-u_strain_susceptible_pri_01	Cimex lectularius	79782						Clec_Teikyo-u_strain_susceptible				644683587		1324	Contig	2024-08-27	BAAFRD01	1530193	1324							SAMD00798307				
GCA_900074945.1	Mp1087439	Myzus persicae	13164			Clone O				asexual and female			354698771		23618	Scaffold	2016-10-19	FLKD01	58988	13407							SAMEA3672892				
GCA_001460545.1	ASM146054v1	Cimex lectularius	79782						BBFD1				697642684		114698	Scaffold	2015-12-04	JRLE01	14532	12423							SAMN03004270				
GCA_020975785.1	Rp_Nano_0718	Riptortus pedestris	329032						Nano-20200718				1508442833		267854	Scaffold	2021-11-24	JACJUX01	14806	51350							SAMN15733301				
GCA_021733305.1	CUHK_rp_10x	Riptortus pedestris	329032			rp-2019							1372662846		371000	Scaffold	2022-01-31	JAAEAN01	6564	254348							SAMN13014969				
GCA_009928515.1	A_gly_BT4_v2.1	Aphis glycines	307491						OH	female			303155567		1022	Scaffold	2020-01-24	JAABOB01	1999963	941							SAMN04507592				
GCA_009761285.1	PRSTRT_AglyBT1_v1	Aphis glycines	307491							female	Annotation submitted by Puerto Rico Science, Technology and Research Trust	2019-12-17	308063827		3573	Scaffold	2019-12-17	VYZN01	1958040	3210							SAMN12143004	18358	18358		
GCA_000181055.3	Rhodnius_prolixus-3.0.3	Rhodnius prolixus	13249										706824083		47726	Scaffold	2015-04-08	ACPB03	35751	16537							SAMN02953759				
GCA_022419445.1	ASM2241944v1	Sitobion avenae	44664						SaG1	female			375091047		2740	Contig	2022-02-28	JAKGCZ01	451901	2740							SAMN25045952				
GCA_009741425.1	TV_v1	Trialeurodes vaporariorum	88556						WFBEAN10G	pooled male and female			842014990		97119	Scaffold	2019-12-11	VJOP01	16012	47417							SAMN12071576				
GCA_040954605.1	ihLycDeli1 alternate haplotype	Lycorma delicatula	130591						ihLycDeli1	female			1463266925		7731	Contig	2024-07-30	JBDMBC01	692166	7731							SAMN40348299				
GCA_019364655.1	UCR_GWSS_1.0	Homalodisca vitripennis	197043						Tulare		Annotation submitted by University of California, Riverside	2021-07-27	1930920422		34963	Scaffold	2021-07-27	JAGXCG01	118317	21249							SAMN18497788	108032	97542		
GCA_000696855.2	Hvit_2.0	Homalodisca vitripennis	197043						HVIT.00	pooled males and females			1445215006		149799	Scaffold	2018-06-15	JJNS02	46532	111110							SAMN02728788				
GCA_037042655.1	SU_Dnox_SAM2	Diuraphis noxia	143948						RWA-SAM2				445915189		22	Contig	2024-03-06	JAZEWX01	85015780	22							SAMN37475017				
GCA_037042775.1	SU_Dnox_SA1	Diuraphis noxia	143948						RWA-SA1				449310086		29	Contig	2024-03-06	JAZEXA01	73899822	29							SAMN37475014				
GCA_037042725.1	SU_Dnox_SAM2	Diuraphis noxia	143948						RWA-SAM				423093818		117	Contig	2024-03-06	JAZEWY01	31394688	117							SAMN37475016				
GCA_037042715.1	SU_Dnox_SA5	Diuraphis noxia	143948						RWA-SA5				430923572		302	Contig	2024-03-06	JAZEWZ01	27932144	302							SAMN37475015				
GCA_043176975.2	Assembly V1.1	Nezara viridula	85310						RKB-2024a				1509729826		27689	Contig	2025-02-11	JBHFJR02	246004	27689							SAMN37551520				
GCA_019425635.1	ASM1942563v1	Schizaphis graminum	13262						Sg-YL-2016	female			401374768		53000	Scaffold	2021-07-30	VSBP01	67785	43470							SAMN12511958				
GCA_003264975.1	ASM326497v1	Schizaphis graminum	13262			LNK							385164702		15963	Scaffold	2018-06-25	QEWZ01	54539	7858							SAMN09001159				
GCA_950022995.1	ihPlaCitr1.1 alternate haplotype	Planococcus citri	170843										42577678		1873	Contig	2023-04-29	CATLOG01	25095	1873							SAMEA7523510				
GCA_001465515.1	DiuNox1.0	Diuraphis noxia	143948							female			399654885		190686	Contig	2015-12-14	LMYM01	5727	190686							SAMN04115940				
GCA_965641865.1	ihTriInfe1.hap2.1	Triatoma infestans	30076										1199344934		1430	Scaffold	2025-07-13	CBFFKC01	30936401	1331							SAMEA115718423				
GCA_016591455.1	ASM1659145v1	Ericerus pela	931557		Kunming					female			660374735		2172	Contig	2021-01-08	QBOQ01	660240	2172							SAMN08862436				
GCA_011037195.1	UVM_Tinf_1.0	Triatoma infestans	30076						FIOC_28	male			949486157		16322	Scaffold	2020-02-27	JAAEAF01	95318	14951							SAMN13265886				
GCA_000695645.2	Pven_2.0	Pachypsylla venusta	38123						PVEN.00	pooled males and females			479982703		88007	Scaffold	2017-12-18	AZLD02	18168	58745							SAMN02209966				
GCA_051170995.1	iisc_Klacca	Kerria lacca	473130						KEG1	female			243070745		193	Contig	2025-07-01	JBNYYB01	2920979	193							SAMN47891059				
GCA_964198115.1	ihTriDimi1.hap2.1	Triatoma dimidiata	72491										1261205823		4556	Scaffold	2024-07-12	CAXMYP01	2839385	4063							SAMEA114214721				
GCA_019425515.1	ASM1942551v1	Rhopalosiphum padi	40932						Rp-YL-2016	female			315402387		10981	Scaffold	2021-07-30	VSBO01	420804	9628							SAMN12511955				
GCA_902806785.1	CYROTEf_10X_genome	Nesidiocoris tenuis	355587								Annotation submitted by WAGENINGEN UNIVERSITY	2020-02-28	355120802		51853	Scaffold	2020-02-28	CADCXU01	13359	36513							SAMEA6450522	24668	24668		
GCA_952773055.1	ihIcePurc2.1 alternate haplotype	Icerya purchasi	249532										1066255		30	Contig	2023-07-14	CATOVL01	572425	30							SAMEA7523480				
GCA_000786065.1	Piez_guildinii_1	Piezodorus guildinii	437484						RBSB-Aug2013				3179848		2146	Scaffold	2014-11-21	JTEQ01	1459	1932							SAMN03099748				
GCA_052095325.1	ihAphSpie1_a1.1	Aphis spiraecola	224527						SpireaAphid_M02 / CBP02029B				325530853		168	Contig	2025-08-18	JBMSVE01	12924932	168							SAMN46487557				
GCA_030849545.1	ASM3084954v1	Macrosiphum euphorbiae	13131						me57	female			545699256		2176	Contig	2023-08-22	JARHUA01	664687	2176							SAMN33681650				
GCA_930374635.1	ihAcaHaem1.1 alternate haplotype	Acanthosoma haemorrhoidale	483950										720352621		2407	Scaffold	2022-02-13	CAKNFG01	625006	2405							SAMEA8563710				
GCA_049308365.1	ihTamCowe1.0.a	Tamalia coweni	133113						DMB7				1170826512		6617	Contig	2025-04-04	JBMEVK01	300631	6617							SAMN43760953				
GCA_963513995.1	ihAphAlni3.1 alternate haplotype	Aphrophora alni	295201										1512301867		10698	Scaffold	2023-09-28	CAUPSJ01	277888	10694							SAMEA110180667				
GCA_956483625.1	ihTubSali1.1 alternate haplotype	Tuberolachnus salignus	96551										391336950		2976	Contig	2023-07-15	CATQFI01	261087	2976							SAMEA112232857				
GCA_900065295.1	PMAR	Paracoccus marginatus	252483										191208351		61408	Scaffold	2016-03-26	FIZT01	6250	60102							SAMEA3699096				
GCA_011763675.2	ASM1176367v2	Magicicada septendecula	44680						SV565JUX3X				226135800		120227	Scaffold	2022-12-08	JAAGUD02	2766	115809							SAMN08623655				
GCA_963920225.1	ihSteCalc1.1 alternate haplotype	Stenodema calcarata	863834										594261772		1597	Contig	2023-12-21	CAWUBC01	1177963	1597							SAMEA112232803				
GCA_911387705.1	ihAelAcum1.1 alternate haplotype	Aelia acuminata	1511221										948989416		2379	Scaffold	2021-07-21	CAJVQN01	901678	2373							SAMEA7520338				
GCA_959613355.1	ihBalDimi2.1 alternate haplotype	Balanococcus diminutus	249498										170991224		914	Contig	2023-07-23	CAUIJR01	564645	914							SAMEA7523485				
GCA_951217045.1	ihGerLacu2.1 alternate haplotype	Gerris lacustris	108914										869569280		3403	Scaffold	2023-05-08	CATNUZ01	511894	3399							SAMEA10107080				
GCA_955876675.1	ihPilPerp1.1 alternate haplotype	Pilophorus perplexus	881727										474613929		2287	Scaffold	2023-07-15	CATPCW01	405252	2284							SAMEA111458829				
GCA_948150675.1	ihRhaNebu1.1 alternate haplotype	Rhaphigaster nebulosa	51622										1108424710		6328	Contig	2023-01-18	CANUHR01	325374	6328							SAMEA9066052				
GCA_949716515.1	ihPerAcec1.1 alternate haplotype	Periphyllus acericola	1425412										214339343		1619	Contig	2023-04-08	CATIXV01	317350	1619							SAMEA10167089				
GCA_948098895.1	ihDrePlat2.1 alternate haplotype	Drepanosiphum platanoidis	527648										281230301		1649	Contig	2023-01-09	CANUES01	312154	1649							SAMEA10978756				
GCA_948455875.1	ihConAnce4.1 alternate haplotype	Conomelus anceps	491269										729968527		5747	Contig	2023-02-03	CAOJWL01	243215	5747							SAMEA12997853				
GCA_946811585.1	ihGonAcut1.1 alternate haplotype	Gonocerus acuteangulatus	1545138										960543592		8571	Scaffold	2022-09-20	CAMPFD01	233537	8569							SAMEA7524254				
GCA_954871245.1	ihLepDola1.1 alternate haplotype	Leptopterna dolabrata	881489										774742436		6242	Scaffold	2023-07-16	CATPAF01	202993	6241							SAMEA112226472				
GCA_963662165.1	ihAraDepr1.1 alternate haplotype	Aradus depressus	1452771										605617079		5684	Contig	2023-12-12	CAVLET01	192817	5684							SAMEA112232731				
GCA_963675045.1	ihAllMode1.1 alternate haplotype	Allygus modestus	2591979										1254715140		15132	Contig	2023-12-11	CAVLYO01	151618	15132							SAMEA112964466				
GCA_965637075.1	ihMacMicr1.hap2.1	Macrodema micropterum	2882282										1118635550		277	Scaffold	2025-07-09	CBFETP01	22128282	182							SAMEA115574556				
GCA_051175965.1	ihAphIlli1_a1.1	Aphis illinoisensis	527570						GrapevineAphid_M02 / CBP02027B				307543642		81	Scaffold	2025-07-02	JBLQZC01	12626414	80							SAMN46487556				
GCA_965282445.1	ihGraItal9.hap2.1	Graphosoma italicum	537450										1160071817		388	Scaffold	2025-05-18	CBDIKT01	7374280	125							SAMEA117571167				
GCA_964188385.1	ihPanGeni1.hap2.1	Panstrongylus geniculatus	156442										1342404140		770	Scaffold	2024-06-19	CAXLOX01	4923314	300							SAMEA114214723				
GCA_965612285.1	ihAphMosc1.hap2.1	Aphrophora moscoviciae	3384248										1395944503		2056	Scaffold	2025-07-07	CBFDNS01	4070393	1595							SAMEA117578674				
GCA_965197035.1	ihAllComm1.hap2.1	Allygidius commutatus	2998517										1786687797		1181	Scaffold	2025-03-09	CBDALS01	3716188	371							SAMEA112232821				
GCA_965153405.1	ihAraTrun1.hap2.1	Aradus truncatus	2881568										731582966		726	Scaffold	2025-02-28	CBCUEO01	2592310	302							SAMEA114663830				
GCA_964341015.1	ihAlyCalc2.hap2.1	Alydus calcaratus	881521										1001778347		1330	Scaffold	2024-11-21	CAYFCH01	2347551	467							SAMEA114644830				
GCA_965637135.1	ihBerCras1.hap2.1	Berytinus crassipes	1545285										1293263970		1542	Scaffold	2025-07-09	CBFETR01	2280080	808							SAMEA114644480				
GCA_964468945.1	ihRibUlmi2.1 alternate haplotype	Ribautiana ulmi	1889767										1745274353		5463	Scaffold	2024-12-06	CAYXYI01	1547796	3377							SAMEA113425603				
GCA_965615715.1	ihBerMont1.hap2.1	Berytinus montivagus	1545287										1100238333		1706	Scaffold	2025-07-07	CBFEBA01	1509742	606							SAMEA114644481				
GCA_051295255.1	ihOxyHyal2 alternate	Oxycarenus hyalinipennis	1149918						UC Riverside				511488193		1538	Contig	2025-07-11	JBNFOS01	1208642	1538							SAMN48085272				
GCA_964204785.1	ihArtPasu2.1 alternate haplotype	Arthaldeus pascuellus	1655869										1344982391		4340	Scaffold	2024-07-28	CAXNRP01	1086510	2146							SAMEA113425436				
GCA_964205145.1	ihCicViri2.1 alternate haplotype	Cicadella viridis	36150										1584427334		11708	Scaffold	2024-07-29	CAXNTD01	684303	8358							SAMEA112774796				
GCA_965211925.1	ihCloTriv1.1 alternate haplotype	Closterotomus trivialis	2026310										991211052		5273	Scaffold	2025-03-17	CBDBUN01	433441	5267							SAMEA9359418				
GCA_964256765.1	ihCocHesp2.1 alternate haplotype	Coccus hesperidum	538890										484566906		7412	Scaffold	2024-08-30	CAXVDF01	399496	6006							SAMEA12110666				
GCA_041002965.1	ihLepPhyl2 alternate haplotype	Leptoglossus phyllopus	1284684						ihLepPhyl2	male			1324221037		9987	Contig	2024-08-01	JBDNCD01	301335	9987							SAMN40534740				
GCA_964273425.1	ihHarThor2.1 alternate haplotype	Harpocera thoracica	516509										1013841358		8479	Scaffold	2024-10-03	CAXWWR01	299525	3689							SAMEA114644528				
GCA_964246475.1	ihAntNemo1.1 alternate haplotype	Anthocoris nemoralis	191314										363115505		4021	Scaffold	2024-08-29	CAXTUF01	284696	2717							SAMEA110451534				
GCA_964267535.1	ihEmpDeci1.1 alternate haplotype	Hebata decipiens	3433878										1430090033		19237	Scaffold	2024-09-27	CAXWIT01	213040	14230							SAMEA110451560				
GCA_027563295.1	ASM2756329v1	Nasonovia ribisnigri	269403						Kent_CL_2	female			406828737		6304	Contig	2023-01-03	JANEHP01	161932	6304							SAMN29667040				
GCA_027563235.1	ASM2756323v1	Nasonovia ribisnigri	269403						Ely_1	female			401157653		8030	Contig	2023-01-03	JANEHN01	107565	8030							SAMN29667042				
GCA_027563355.1	ASM2756335v1	Nasonovia ribisnigri	269403						UK631_12	female			400214664		8047	Contig	2023-01-03	JANEHR01	107002	8047							SAMN29667038				
GCA_027563405.1	ASM2756340v1	Nasonovia ribisnigri	269403						UK631_1	female			400262897		8130	Contig	2023-01-03	JANEHT01	105143	8130							SAMN29667036				
GCA_027563215.1	ASM2756321v1	Nasonovia ribisnigri	269403						Ely_2	female			401428604		8289	Contig	2023-01-03	JANEHM01	101763	8289							SAMN29667043				
GCA_027563255.1	ASM2756325v1	Nasonovia ribisnigri	269403						Ely_12	female			401231958		8281	Scaffold	2023-01-03	JANEHL01	99765	7890							SAMN29667044				
GCA_027563195.1	ASM2756319v1	Nasonovia ribisnigri	269403						Kent_CL_12	female			400314526		8594	Scaffold	2023-01-03	JANEHO01	93133	8234							SAMN29667041				
GCA_027563395.1	ASM2756339v1	Nasonovia ribisnigri	269403						UK631_2	female			380993714		10488	Contig	2023-01-03	JANEHS01	71978	10488							SAMN29667037				
GCA_900064465.1	MHIR	Maconellicoccus hirsutus	177089										163044544		13288	Scaffold	2016-03-26	FIZS01	44863	12889							SAMEA3699093				
GCA_025469175.1	ASM2546917v1	Geopemphigus sp. TES_GeoC_2020	2875446						TES_GeoC_2020				244380868		36641	Scaffold	2022-09-28	JAIPRN01	35608	35406							SAMN21162903				
GCA_025469315.1	ASM2546931v1	Stegophylla sp. TES_Ste_2020	2875445						TES_Ste_2020				614643486		323081	Scaffold	2022-09-28	JAIPRM01	10266	317802							SAMN21162904				
GCA_027563455.1	ASM2756345v1	Nasonovia ribisnigri	269403						Nr8	female			414559385		156898	Scaffold	2023-01-03	JANEHV01	6077	4773							SAMN29667034				
GCA_027563275.1	ASM2756327v1	Nasonovia ribisnigri	269403						Kent_CL_1	female			406639288		503792	Scaffold	2023-01-03	JANEHQ01	1329	6261							SAMN29667039				
GCA_044343965.1	ASM4434396v1	Potamocoris sp. YW-2020	2715460						BX101017S				445152427		1387123	Scaffold	2024-11-04	JAEFBH01	294	1368781							SAMN16223345				
GCA_030643865.1	ASM3064386v1	Diaphorina citri	121845						DC	pooled male and female			523778681	13	2956	Chromosome	2023-08-04		534835	13							SAMN33734032				
GCA_001854935.1	ASM185493v1	Bemisia tabaci	7038						MEAM1				615001830		31570	Scaffold	2016-10-26	MAMS01	84501	19750							SAMN04500967				
GCF_001854935.1	ASM185493v1	Bemisia tabaci	7038						MEAM1		NCBI Bemisia tabaci Annotation Release 100	2016-11-04	615001830		31570	Scaffold	2016-10-26	MAMS01	84501	19750	0.9876494	0.96972114	0.017928287	0.0011952191	0.011155378	hemiptera_odb10	SAMN04500967	15307	13914	90	
GCA_000142985.2	Acyr_2.0	Acyrthosiphon pisum	7029			LSR1							541675471		60595	Scaffold	2010-06-24	ABLF02	28201	23924							SAMN00000061				
GCF_000142985.2	Acyr_2.0	Acyrthosiphon pisum	7029			LSR1					NCBI Acyrthosiphon pisum Annotation Release 102	2016-05-12	541675471		60595	Scaffold	2010-06-24	ABLF02	28201	23924	0.9908367	0.96055776	0.030278884	0.0035856573	0.005577689	hemiptera_odb10	SAMN00000061	20940	18614	271	
GCA_000757685.1	NilLug1.0	Nilaparvata lugens	108931						NLH13	female			1140786310		121136	Scaffold	2014-09-24	AOSB01	23518	46558							SAMN03077662				
GCF_000757685.1	NilLug1.0	Nilaparvata lugens	108931						NLH13	female	NCBI Nilaparvata lugens Annotation Release 100	2017-08-15	1140786310		121136	Scaffold	2014-09-24	AOSB01	23518	46558	0.9760956	0.8796813	0.09641434	0.011155378	0.012749004	hemiptera_odb10	SAMN03077662	21455	19819	250	
GCA_045957475.1	Clec_Hiroshima_strain_resistant_alt_01	Cimex lectularius	79782						Clec_Hiroshima_strain_resistant				310040521		4661	Contig	2024-08-27	BAAFRG01	216367	4661							SAMD00798308				
GCA_004010815.2	ASM401081v2	Aphis gossypii	80765		cotton aphid				AGOS-L3	female			293918444		12068	Scaffold	2019-01-10	PPXK01	77349	4633							SAMN08384359				
GCF_004010815.2	ASM401081v2	Aphis gossypii	80765		cotton aphid				AGOS-L3	female	NCBI Aphis gossypii Annotation Release 100	2019-02-06	293918444		12068	Scaffold	2019-01-10	PPXK01	77349	4633							SAMN08384359	14217	12788	497	
GCA_045950365.1	Clec_Teikyo-u_strain_susceptible_alt_01	Cimex lectularius	79782						Clec_Teikyo-u_strain_susceptible				231478317		6538	Contig	2024-08-27	BAAFRE01	38041	6538							SAMD00798307				
GCA_036326125.1	ICS_Rped_1.0	Riptortus pedestris	329032						DF2020				2113698507		15413	Scaffold	2024-02-01	JADDNZ01	339964	15200							SAMN16439929				
GCA_002233535.1	ASM223353v1	Philaenus spumarius	36667						PSP_Ac18	male			1248087067		3798118	Scaffold	2017-07-25	MPAX01	319	1822983							SAMN04966133				
GCA_008528875.1	ASM852887v1	Aulacorthum solani	202456						AS-CPRI-2016	female			316098029		115322	Scaffold	2019-09-18	PVMI01	5312	89214							SAMN08443787				
GCA_000833685.1	ASM83368v1	Dactylopius coccus	765876			MexFresh			grana & fresh insects				18613147		1499	Contig	2015-02-09	JMCM01	378999	1499							SAMN02726234				
GCA_001938505.1	ASM193850v1	Diuraphis noxia	143948							female			95723708		286680	Scaffold	2017-01-06	MPKX01	335	286547							SAMN05958606				
GCA_001663875.1	CimHem1.0	Cimex hemipterus	757355						ch/usm_ngs1				2664625		5275	Contig	2016-06-16	LRFB01	519	5275							SAMN04396785				
GCA_900080175.1	TMANN	Trabutina mannipara	490976										172235699		37035	Contig	2016-07-17	FKYK01	6630	37035							SAMEA3935977				
