Assembly Accession	Assembly Name	Organism Name	Organism Taxonomic ID	ANI Check status	Organism Infraspecific Names Breed	Organism Infraspecific Names Strain	Organism Infraspecific Names Cultivar	Organism Infraspecific Names Ecotype	Organism Infraspecific Names Isolate	Organism Infraspecific Names Sex	Annotation Name	Annotation Release Date	Assembly Stats Total Sequence Length	Assembly Stats Total Number of Chromosomes	Assembly Stats Number of Contigs	Assembly Level	Assembly Release Date	WGS project accession	Assembly Stats Contig N50	Assembly Stats Number of Scaffolds	Annotation BUSCO Complete	Annotation BUSCO Single Copy	Annotation BUSCO Duplicated	Annotation BUSCO Fragmented	Annotation BUSCO Missing	Annotation BUSCO Lineage	Assembly BioSample Accession	Annotation Count Gene Total	Annotation Count Gene Protein-coding	Annotation Count Gene Pseudogene	CheckM completeness
GCA_905475395.1	inChrCarn1.1	Chrysoperla carnea	189513										560232532	6	399	Chromosome	2021-04-15	CAJQGA01	67795596	337							SAMEA7520372				
GCF_905475395.1	inChrCarn1.1	Chrysoperla carnea	189513								NCBI Chrysoperla carnea Annotation Release 100	2021-10-25	560232532	6	399	Chromosome	2021-04-15	CAJQGA01	67795596	337	0.96939737	0.96045196	0.008945386	0.002354049	0.028248588	endopterygota_odb10	SAMEA7520372	15864	12985	128	
GCA_020423425.1	ASM2042342v1	Chrysopa pallens	417485						Cpal-BJ	male			538352598	7	1639	Chromosome	2021-10-13	JAEMTY01	1321525	552							SAMN17088963				
GCA_958496175.1	inSisTerm1.1	Sisyra terminalis	1560625										376631321	7	35	Chromosome	2023-07-18	CAUEGI01	21257292	10							SAMEA112232779				
GCA_958496155.1	inSisNigr1.1	Sisyra nigra	279440										372592344	7	352	Chromosome	2023-07-18	CAUEGK01	3121196	111							SAMEA7521517				
GCA_963920215.1	inNinFlav1.1	Nineta flava	1504853										732337316	7	464	Chromosome	2023-12-21	CAWUAZ01	5799206	187							SAMEA112964377				
GCA_965240235.1	inNotCapi1.hap1.1	Nothochrysa capitata	1504855										688430666	8	1598	Chromosome	2025-04-14	CBDEKE01	19002780	1527							SAMEA115574593				
GCA_040669965.1	ASM4066996v1	Chrysoperla zastrowi sillemi	482137						MM-2024				597586568		933	Scaffold	2024-07-12	JBFCZE01	30390110	893							SAMN31868369				
GCA_047833675.1	ASM4783367v1	Micromus angulatus	1230847						YZ-2024a	male			1288575812		994	Scaffold	2025-02-18	JBCARC01	13648426	909							SAMN40986067				
GCA_035578155.1	UIUC_Brane_1.0	Brachynemurus nebulosus	2028601						EB15				960121342		429	Scaffold	2024-01-11	JAPWDM01	4193713	138							SAMN29417778				
GCA_905475295.1	inChrCarn1.1 alternate haplotype	Chrysoperla carnea	189513										590533921		433	Scaffold	2021-04-15	CAJQFW01	13665904	432							SAMEA7520372				
GCA_034510015.1	Ccarn_UCon_1	Chrysoperla carnea	189513						UCONN2020				615557206		40304	Scaffold	2023-12-21	JAABNZ01	25827	39809							SAMN13243046				
GCA_958496335.1	inSisTerm1.1 alternate haplotype	Sisyra terminalis	1560625										368488961		979	Contig	2023-07-18	CAUEGY01	1006497	979							SAMEA112232779				
GCA_958496165.1	inSisNigr1.1 alternate haplotype	Sisyra nigra	279440										377011393		2151	Contig	2023-07-18	CAUEGL01	390658	2151							SAMEA7521517				
GCA_963920235.1	inNinFlav1.1 alternate haplotype	Nineta flava	1504853										724066029		364	Contig	2023-12-21	CAWUBB01	6204644	364							SAMEA112964377				
GCA_965239645.1	inNotCapi1.hap2.1	Nothochrysa capitata	1504855										587482806		1191	Scaffold	2025-04-11	CBDEHV01	18981941	1145							SAMEA115574593				
