Assembly Accession	Assembly Name	Organism Name	Organism Taxonomic ID	ANI Check status	Organism Infraspecific Names Breed	Organism Infraspecific Names Strain	Organism Infraspecific Names Cultivar	Organism Infraspecific Names Ecotype	Organism Infraspecific Names Isolate	Organism Infraspecific Names Sex	Annotation Name	Annotation Release Date	Assembly Stats Total Sequence Length	Assembly Stats Total Number of Chromosomes	Assembly Stats Number of Contigs	Assembly Level	Assembly Release Date	WGS project accession	Assembly Stats Contig N50	Assembly Stats Number of Scaffolds	Annotation BUSCO Complete	Annotation BUSCO Single Copy	Annotation BUSCO Duplicated	Annotation BUSCO Fragmented	Annotation BUSCO Missing	Annotation BUSCO Lineage	Assembly BioSample Accession	Annotation Count Gene Total	Annotation Count Gene Protein-coding	Annotation Count Gene Pseudogene	CheckM completeness
GCA_921293095.2	ioIscEleg1.2	Ischnura elegans	197161										1722738530	14	359	Chromosome	2022-10-25	CAKLCU02	13055916	110							SAMEA7521125				
GCA_921293095.1	ioIscEleg1.1	Ischnura elegans	197161										1722738530	14	359	Chromosome	2021-12-05	CAKLCU01	13055916	110							SAMEA7521125				
GCF_921293095.1	ioIscEleg1.1	Ischnura elegans	197161								NCBI Ischnura elegans Annotation Release 100	2022-02-02	1722738530	14	359	Chromosome	2021-12-05	CAKLCU01	13055916	110	0.9919532	0.9809803	0.010972934		0.008046818	insecta_odb10	SAMEA7521125	21087	15994	166	
GCA_964251815.1	ioIscSene1.hap1.1	Ischnura senegalensis	126660										1599821350	14	6117	Chromosome	2024-08-31	CAXUOP01	460604	964							SAMEA112696355				
GCA_933228895.1	ioPlaPenn1.1	Platycnemis pennipes	126231										1793340701	13	252	Chromosome	2022-03-23	CAKOGI01	18171807	87							SAMEA9065986				
GCA_020796165.1	CAAS_Pfla_1.0	Pantala flavescens	185825						CAASAGIS	female			663273809	12	100	Chromosome	2021-11-08	JAIUJI01	16157025	43							SAMN21465649				
GCA_963573305.1	ioPyrNymp1.1	Pyrrhosoma nymphula	197171										2117226934	14	793	Chromosome	2023-10-30	CAUYRF01	7730046	322							SAMEA112774784				
GCA_965663625.1	ioCorBolt2.hap1.1	Cordulegaster boltonii	126173										1610690654	13	2952	Chromosome	2025-08-23	CBFIMQ01	1241317	995							SAMEA10800108				
GCA_947579665.1	ioSymStri1.1	Sympetrum striolatum	6969										1349597986	12	900	Chromosome	2022-12-18	CANPUZ01	6094284	550							SAMEA7520376				
GCA_963169105.1	ioCerTene1.1	Ceriagrion tenellum	638464										2076995503	14	1381	Chromosome	2023-08-19	CAUJGU01	3893288	469							SAMEA14448441				
GCA_037158775.1	HetTit1.0.p	Hetaerina titia	62019						HXRCb13	female			1444697970	12	4094	Chromosome	2024-03-14	JAVFHJ01	638359	75							SAMN32641599				
GCA_028673005.1	amnh_byu_tan	Tanypteryx hageni	476689						ET-2021				1678606281	9	1919	Chromosome	2023-02-22	JAJPWW01	4339563	1032							SAMN20055395				
GCA_964198035.1	ioSymSang1.hap2.1	Sympetrum sanguineum	197176										1304051207	12	1242	Chromosome	2024-07-10	CAXMYE01	2618371	672							SAMEA110451513				
GCA_965641835.1	ioAnaStre1.hap1.1	Anax strenuus	2819248										1540809603	14	2318	Chromosome	2025-07-13	CBFFKA01	1576720	1036							SAMEA114604080				
GCA_965654315.1	ioOrtCoer1.hap1.1	Orthetrum coerulescens	333459										1338271766	14	7356	Chromosome	2025-08-03	CBFHDD01	373060	3352							SAMEA112963085				
GCA_000376725.2	Lful_2.0	Ladona fulva	123851						sampled in the wild	male	Annotation submitted by BCM-HGSC	2021-07-27	1157615891		46619	Scaffold	2017-10-31	APVN02	67260	9411							SAMN02178325	18817	18816	1	
GCA_022747635.2	ioHetAmer1.1.p	Hetaerina americana	62018						1083.01	male			1629772411		1880	Scaffold	2022-03-28	JAKTNV01	4979805	1580							SAMN24913893				
GCF_022747635.1	ioHetAmer1.1.p	Hetaerina americana	62018								GCF_022747635.1-RS_2025_02	2025-02-26	1629772411		1880	Scaffold	2022-03-28	JAKTNV01	4979805	1580	0.987564	0.9692758	0.018288223	0.0036576444	0.008778347	insecta_odb10	SAMN24913893	15862	11196	268	
GCA_002093875.1	Calsple1.0	Calopteryx splendens	52612			PI-2016				female			1628352544		645677	Scaffold	2017-04-14	LYUA01	4472	8896							SAMN04994746				
GCA_036926305.1	AMNH_Ucov_1.0	Uropetala carovei	229376						KH-2023				1325689505		611	Contig	2024-02-29	JAXCHB01	8668865	611							SAMN38334633				
GCA_052789725.1	ASM5278972v1	Aeshna viridis	1566310						Aarhus1				1695113831		2003	Contig	2025-09-23	JBDLWV01	2358056	2003							SAMN41391238				
GCA_036926295.1	AMNH_Plon_1.0	Pachydiplax longipennis	70399						Blue_Dasher_7				1001678891		269	Contig	2024-02-29	JAVFKF01	66911091	269							SAMN36730810				
GCA_011762765.2	ASM1176276v2	Rhinocypha anisoptera	2487776						GQFSOMNHEM				1551482891		498428	Scaffold	2022-11-30	WURS02	4722	474427							SAMN13087359				
GCA_047292455.1	ASM4729245v1	Neurobasis kaupi	2799615						IRGN FSXG3ANH5X				1166115743		383088	Scaffold	2025-01-28	JBKKFT01	4472	365132							SAMN46046722				
GCA_965663745.1	ioCorBolt2.hap2.1	Cordulegaster boltonii	126173										1557687839	13	3223	Chromosome	2025-08-23	CBFIMR01	1231351	1280							SAMEA10800108				
GCA_964198025.1	ioSymSang1.hap1.1	Sympetrum sanguineum	197176										1500531068	13	2015	Chromosome	2024-07-10	CAXMYF01	2520621	1387							SAMEA110451513				
GCA_921293115.1	ioIscEleg1.1 alternate haplotype	Ischnura elegans	197161										1602242354		3177	Scaffold	2021-12-05	CAKLCV01	1144775	3175							SAMEA7521125				
GCA_964247645.1	ioIscSene1.hap2.1	Ischnura senegalensis	126660										1602777512		6510	Scaffold	2024-08-29	CAXUAY01	451517	1260							SAMEA112696355				
GCA_022747625.1	ioHetAmer1.0.a	Hetaerina americana	62018						1083.01	male			1389467078		709	Scaffold	2022-03-28	JAKTNW01	5888495	434							SAMN24913893				
GCA_963573295.1	ioPyrNymp1.1 alternate haplotype	Pyrrhosoma nymphula	197171										1885988343		11556	Scaffold	2023-10-30	CAUYJR01	531178	11555							SAMEA112774784				
GCA_933228905.1	ioPlaPenn1.1 alternate haplotype	Platycnemis pennipes	126231										1504156553		10537	Scaffold	2022-03-23	CAKOGJ01	445735	10522							SAMEA9065986				
GCA_947579545.1	ioSymStri1.1 alternate haplotype	Sympetrum striolatum	6969										1325754540		2064	Scaffold	2022-12-17	CANPVA01	1722945	2061							SAMEA7520376				
GCA_037158765.1	HetTit1.0.a	Hetaerina titia	62019						HXRCb13	female			1445542320		4054	Contig	2024-03-14	JAVFHK01	631942	4054							SAMN32641599				
GCA_963170015.1	ioCerTene1.1 alternate haplotype	Ceriagrion tenellum	638464										1055781143		17237	Contig	2023-08-19	CAUJGW01	120143	17237							SAMEA14448441				
GCA_965641845.1	ioAnaStre1.hap2.1	Anax strenuus	2819248										1462302389		2928	Scaffold	2025-07-13	CBFFJZ01	1519868	1668							SAMEA114604080				
GCA_965654345.1	ioOrtCoer1.hap2.1	Orthetrum coerulescens	333459										1103375726		4718	Scaffold	2025-08-03	CBFHDJ01	425775	1351							SAMEA112963085				
