Assembly Accession	Assembly Name	Organism Name	Organism Taxonomic ID	ANI Check status	Organism Infraspecific Names Breed	Organism Infraspecific Names Strain	Organism Infraspecific Names Cultivar	Organism Infraspecific Names Ecotype	Organism Infraspecific Names Isolate	Organism Infraspecific Names Sex	Annotation Name	Annotation Release Date	Assembly Stats Total Sequence Length	Assembly Stats Total Number of Chromosomes	Assembly Stats Number of Contigs	Assembly Level	Assembly Release Date	WGS project accession	Assembly Stats Contig N50	Assembly Stats Number of Scaffolds	Annotation BUSCO Complete	Annotation BUSCO Single Copy	Annotation BUSCO Duplicated	Annotation BUSCO Fragmented	Annotation BUSCO Missing	Annotation BUSCO Lineage	Assembly BioSample Accession	Annotation Count Gene Total	Annotation Count Gene Protein-coding	Annotation Count Gene Pseudogene	CheckM completeness
GCA_048165185.1	GXNU_Tjap1.0	Tetrix japonica	215053						XD-2025a				1684061739	7	9765	Chromosome	2025-02-27	JBLRXY01	322903	7							SAMN46087270				
GCA_026315105.1	CAU_Lmig_1.0	Locusta migratoria	7004						cfst_grasshopper1	female			6303855065	12	2831	Chromosome	2022-11-27	JAOYRU01	54419411	2534							SAMN31276765				
GCA_965638035.1	iqGryBima1.hap1.1	Gryllus bimaculatus	6999										1653326482	15	2522	Chromosome	2025-07-09	CBFEWW01	1498736	839							SAMEA112222351				
GCA_023897955.2	iqSchGreg1.2	Schistocerca gregaria	7010						iqSchGreg1	male			8742418402	12	1786	Chromosome	2022-06-24	JAKZLS01	44584537	1474							SAMN23383904				
GCF_023897955.1	iqSchGreg1.2	Schistocerca gregaria	7010						iqSchGreg1	male	NCBI Schistocerca gregaria Annotation Release 100	2022-08-05	8742418402	12	1786	Chromosome	2022-06-24	JAKZLS01	44584537	1474	0.98829556	0.9597659	0.028529627	0.0007315289	0.010972934	insecta_odb10	SAMN23383904	99467	19799	3862	
GCA_965601995.1	iqTelOcea7.1	Teleogryllus oceanicus	128161										2042522447	14	1772	Chromosome	2025-07-07	CBFCXM01	2638867	547							SAMEA8023472				
GCA_051013515.1	ASM5101351v1	Gomphocerus sibiricus	1007316						US001	male			9569295552	10	3753	Chromosome	2025-06-20	JBPBLO01	6521000	1463							SAMN48911643				
GCA_040414725.1	ASM4041472v1	Anabrus simplex	316456						iqAnaSimp1	female			6424016119	15	194	Chromosome	2024-06-28	JBDLXZ01	95972576	81							SAMN41059247				
GCF_040414725.1	ASM4041472v1	Anabrus simplex	316456						iqAnaSimp1	female	GCF_040414725.1-RS_2024_09	2024-09-05	6424016119	15	194	Chromosome	2024-06-28	JBDLXZ01	95972576	81	0.99049014	0.95830286	0.032187272	0.0021945867	0.0073152888	insecta_odb10	SAMN41059247	27091	14866	1263	
GCA_021461395.2	iqSchAmer2.1	Schistocerca americana	7009						TAMUIC-IGC-003095	female			8990354198	12	2247	Chromosome	2022-02-14	JAJNAC01	49627568	1750							SAMN18214781				
GCF_021461395.2	iqSchAmer2.1	Schistocerca americana	7009						TAMUIC-IGC-003095	female	NCBI Schistocerca americana Annotation Release 100	2022-03-03	8990354198	12	2247	Chromosome	2022-02-14	JAJNAC01	49627568	1750	0.987564	0.96561813	0.021945868	0.0007315289	0.011704463	insecta_odb10	SAMN18214781	81274	17662	7227	
GCA_052149075.1	ASM5214907v1	Schizodactylus jimo	2844906		liefuzhong				YBB-2025				1257972218	10	531	Chromosome	2025-08-19	JBPVTO01	35311575	90							SAMN50032734				
GCA_946902985.2	iqMecThal1.2	Meconema thalassinum	494438										9039060273	15	2251	Chromosome	2023-10-05	CAMPQE02	9856111	454							SAMEA7520379				
GCA_040549115.1	FSUJ_Vv19_v1.0	Vandiemenella viatica	431949						19	male			4086600245	10	9348	Chromosome	2024-07-08	JBFBPN01	1230000	6298							SAMN41399798				
GCA_050613505.1	GNNU_Gipa_1.0	Gibbotettix parvipulvillus	3392086						DLG-2025a				1422384682	7	80	Chromosome	2025-05-29	JBNFPV01	82187944	15							SAMN48076443				
GCA_023898315.2	iqSchNite1.1	Schistocerca nitens	7011						TAMUIC-IGC-003100	female			8822555691	12	826	Chromosome	2022-06-28	JAMRYH01	73929931	511							SAMN18214786				
GCF_023898315.1	iqSchNite1.1	Schistocerca nitens	7011						TAMUIC-IGC-003100	female	NCBI Schistocerca nitens Annotation Release 100	2022-07-11	8822555691	12	826	Chromosome	2022-06-28	JAMRYH01	73929931	511	0.9897586	0.9641551	0.02560351	0.0014630578	0.008778347	insecta_odb10	SAMN18214786	72560	17500	6288	
GCA_023864275.2	iqSchCanc2.1	Schistocerca cancellata	274614						TAMUIC-IGC-003103	female			8536877781	12	1510	Chromosome	2022-06-28	JAMRYG01	59628095	1107							SAMN18214789				
GCF_023864275.1	iqSchCanc2.1	Schistocerca cancellata	274614						TAMUIC-IGC-003103	female	NCBI Schistocerca cancellata Annotation Release 100	2022-07-13	8536877781	12	1510	Chromosome	2022-06-28	JAMRYG01	59628095	1107	0.98829556	0.962692	0.02560351	0.0014630578	0.010241404	insecta_odb10	SAMN18214789	103533	16907	6571	
GCA_037074705.1	ASM3707470v1	Zhengitettix transpicula	3094285						DLG-2023a				993635316	7	398	Chromosome	2024-03-13	JAYJMR01	52727700	337							SAMN38102190				
GCA_023864345.3	iqSchSeri2.2	Schistocerca serialis cubense	2023355						TAMUIC-IGC-003099	female			9082806520	12	1967	Chromosome	2022-06-28	JAMRYF01	39994732	1454							SAMN18214785				
GCF_023864345.2	iqSchSeri2.2	Schistocerca serialis cubense	2023355						TAMUIC-IGC-003099	female	NCBI Schistocerca serialis cubense Annotation Release 100	2022-08-04	9082806520	12	1967	Chromosome	2022-06-28	JAMRYF01	39994732	1454	0.9890271	0.9678127	0.021214338	0.0007315289	0.010241404	insecta_odb10	SAMN18214785	75810	17237	7394	
GCA_021461385.2	iqSchPice1.1	Schistocerca piceifrons	274613						TAMUIC-IGC-003096	female			8742443784	12	3412	Chromosome	2022-02-14	JAJNAD01	27424730	2492							SAMN18214782				
GCF_021461385.2	iqSchPice1.1	Schistocerca piceifrons	274613						TAMUIC-IGC-003096	female	NCBI Schistocerca piceifrons Annotation Release 100	2022-03-24	8742443784	12	3412	Chromosome	2022-02-14	JAJNAD01	27424730	2492	0.9839064	0.94806147	0.035844915	0.0021945867	0.013899049	insecta_odb10	SAMN18214782	96806	17490	10058	
GCA_046254815.1	ASM4625481v1	Gryllus assimilis	128156						YI-2024	male			1603837708	15	2341	Chromosome	2024-12-23	JBIABI01	3888287	1100							SAMN43244968				
GCA_034510155.1	GX_Eocu_V1	Eucriotettix oculatus	470944						LXD-2020				985268080	7	1941	Chromosome	2023-12-21	JAEMUL01	2092510	245							SAMN16932257				
GCA_046865745.1	ASM4686574v1	Myrmecophilus myrmecophilus	3238574						M21-04	female			565572175	10	929	Chromosome	2025-01-28	JBFSGB01	1122787	171							SAMN42554425				
GCA_031308135.1	ado_dt_MfTpo_fix	Acheta domesticus	6997						BO2018_Ado_male_adult	male			2346429714		25119	Scaffold	2023-09-08	JAHLJT01	302928	9907							SAMN18114555				
GCA_965111905.1	Gsi_v1	Gryllodes sigillatus	13551										2173690933		505	Scaffold	2025-01-23	CBCOPG01	8428290	101							SAMEA117576254				
GCA_900249655.1	ASM90024965v1	Xenocatantops brachycerus	227619										41642132		43187	Contig	2018-01-18	OFSG01	1799	43187							SAMEA104450353				
GCA_047496775.1	ASM4749677v1	Gryllotalpa orientalis	213494						lougu				2926008804		10436	Contig	2025-02-06	JBLBFB01	2777242	10436							SAMN45954316				
GCA_048987285.1	Tcom_hq_medaka	Teleogryllus commodus	672150						Tcom_NZ				2096021343		26444	Scaffold	2025-03-26	JBGNXU01	402999	26437							SAMN39956866				
GCA_002313205.1	ASM231320v1	Laupala kohalensis	109027						Lakoh051	female			1595214429		216779	Scaffold	2017-09-19	NNCF01	45047	148784							SAMN07312831				
GCA_038098605.1	ASM3809860v1	Gryllus longicercus	2509291						DAG 2021-001		Annotation submitted by Jagiellonian University	2024-04-15	1858024830		1648	Scaffold	2024-04-15	JAZDUA01	2784403	1646							SAMN37935463	14831	14730	101	
GCA_011170035.1	Tocci_1.0	Teleogryllus occipitalis	470939							female			1933831998		21033	Scaffold	2020-02-21	BLKR01	197533	19865							SAMD00199296				
GCA_040214175.1	VvP24X0male	Vandiemenella viatica	431949						P24X0	male			3660667717	9	265938	Chromosome	2024-06-20	JARYHR01	30131	9							SAMN33776381				
GCA_040214165.1	VvP45bX0male	Vandiemenella viatica	431949						P45bX0	male			3702345990	9	291235	Chromosome	2024-06-20	JARYHT01	28296	9							SAMN33776387				
GCA_965638045.1	iqGryBima1.hap2.1	Gryllus bimaculatus	6999										1617708173	15	2282	Chromosome	2025-07-09	CBFEWV01	1374546	541							SAMEA112222351				
GCA_031002005.1	VvP45bXYmale	Vandiemenella viatica	431949						P45bXY	male			3751373827	10	41379	Chromosome	2023-08-31	JARYHS01	204697	15849							SAMN33776386				
GCA_000516895.1	LocustGenomeV1	Locusta migratoria	7004							female			5759798599		1397492	Contig	2013-12-18	AVCP01	9587	1397492							SAMN02261463				
GCA_017312745.1	Gbim_1.0	Gryllus bimaculatus	6999			white eyes					Annotation submitted by Department of Bioscience and Bioindustry, Tokushima University	2022-11-15	1658007496		133052	Scaffold	2021-02-12	BOPP01	33340	47877							SAMD00277108	17871	17871		
GCA_023898265.1	iqSchGreg1.1 alternate haplotype	Schistocerca gregaria	7010						iqSchGreg1	male			7821340977		31473	Scaffold	2022-06-23	JAKZLT01	1734766	31470							SAMN23383904				
GCA_964035755.1	iqTelOcea1	Teleogryllus oceanicus	128161										2028946150		3351	Scaffold	2024-05-05	CAXIVR01	5709036	1830							SAMEA113947271				
GCA_965601505.1	iqTelOcea7.1 alternate haplotype	Teleogryllus oceanicus	128161										1696953706		29404	Contig	2025-07-07	CBFCXO01	310974	29404							SAMEA8023472				
GCA_014858955.1	NU_Adom_1.1	Acheta domesticus	6997						YG1991	female			929173017		709385	Contig	2020-10-07	JAAVVF01	1566	709385							SAMN14377430				
GCA_040414685.1	ASM4041468v1	Anabrus simplex	316456						iqAnaSimp1	female			6284581673		3135	Contig	2024-06-28	JBDLYA01	5524072	3135							SAMN41059247				
GCA_040419225.1	iqAnaSimp2 - alternate	Anabrus simplex	316456						iqAnaSimp2	female			6317901749		21915	Contig	2024-06-28	JBDMAB01	1363078	21915							SAMN41059355				
GCA_031010265.1	VvP24XYfemale	Vandiemenella viatica	431949						P24XY	female			3751373800		41379	Scaffold	2023-08-30	JARYHQ01	204697	15849							SAMN33776379				
GCA_943193665.1	iqMecThal1.1 alternate haplotype	Meconema thalassinum	494438										6711058256		68285	Scaffold	2022-06-13	CALPDQ01	178095	68284							SAMEA7520379				
GCA_019457785.1	ASM1945778v1	Vandiemenella viatica	431949						TK1	male			3905819974		329565	Scaffold	2021-08-07	JADODY01	28014	208201							SAMN16484571				
GCA_019457845.1	ASM1945784v1	Vandiemenella viatica	431949						P45bXOMaleGN12	male			3984966448		358438	Scaffold	2021-08-07	JADODW01	26699	261802							SAMN16484573				
GCA_019457805.1	ASM1945780v1	Vandiemenella viatica	431949						P45bXYMaleHC1	male			3822312222		420463	Scaffold	2021-08-07	JADODV01	21406	329047							SAMN16484574				
GCA_019457825.1	ASM1945782v1	Vandiemenella viatica	431949						P24XYmaleCA9	male			3644563342		415702	Scaffold	2021-08-07	JADODX01	19412	336278							SAMN16484572				
GCA_040417275.1	iqAnaSimp2	Anabrus simplex	316456						iqAnaSimp2	female			6853892604	15	358	Chromosome	2024-06-28	JBDMAA01	62952603	138							SAMN41059355				
GCF_040417275.1	iqAnaSimp2	Anabrus simplex	316456						iqAnaSimp2	female	GCF_040417275.1-RS_2024_07	2024-07-23	6853892604	15	358	Chromosome	2024-06-28	JBDMAA01	62952603	138	0.9926847	0.9619605	0.030724214	0.0014630578	0.0058522313	insecta_odb10	SAMN41059355	30580	14785	1337	
GCA_019974035.1	Aasahi_1.0	Apteronemobius asahinai	746126										1676217857		187006	Scaffold	2021-08-23	BPSV01	26422	151060							SAMD00330124				
