Assembly Accession	Assembly Name	Organism Name	Organism Taxonomic ID	ANI Check status	Organism Infraspecific Names Breed	Organism Infraspecific Names Strain	Organism Infraspecific Names Cultivar	Organism Infraspecific Names Ecotype	Organism Infraspecific Names Isolate	Organism Infraspecific Names Sex	Annotation Name	Annotation Release Date	Assembly Stats Total Sequence Length	Assembly Stats Total Number of Chromosomes	Assembly Stats Number of Contigs	Assembly Level	Assembly Release Date	WGS project accession	Assembly Stats Contig N50	Assembly Stats Number of Scaffolds	Annotation BUSCO Complete	Annotation BUSCO Single Copy	Annotation BUSCO Duplicated	Annotation BUSCO Fragmented	Annotation BUSCO Missing	Annotation BUSCO Lineage	Assembly BioSample Accession	Annotation Count Gene Total	Annotation Count Gene Protein-coding	Annotation Count Gene Pseudogene	CheckM completeness
GCA_050494535.1	ASM5049453v1	Timema cristinae	61476						CEN4122	female			1227621598	13	45	Chromosome	2025-05-20	JBLAUU01	61735528	13							SAMN46163083				
GCA_040182645.1	ASM4018264v1	Clitarchus hookeri	325643						SSC-2024	female			2818478710	18	9494	Chromosome	2024-06-14	JBDJKJ01	4712783	3499							SAMN40633684				
GCA_032445375.1	Brsri_v3	Bacillus rossius redtenbacheri	93214						Brsri	female			1605073380	18	1967	Chromosome	2023-10-11	JASMSR01	5084116	1256							SAMN34403278				
GCF_032445375.1	Brsri_v3	Bacillus rossius redtenbacheri	93214						Brsri	female	GCF_032445375.1-RS_2024_02	2024-02-23	1605073380	18	1967	Chromosome	2023-10-11	JASMSR01	5084116	1256	0.97439647	0.9678127	0.00658376	0.0058522313	0.01975128	insecta_odb10	SAMN34403278	19298	14448	469	
GCA_029891345.1	Daus_2.0	Dryococelus australis	614101						Daus_M_001	male	Annotation submitted by Australian National University	2023-04-28	3421361566	17	2788	Chromosome	2023-04-28	JARBHB01	13189758	1874							SAMN32303082	33793	33111		
GCA_040436065.2	ASM4043606v2	Timema douglasi	61478						WT-2024	female			1291668133	12	2115	Chromosome	2024-12-06	JBEUWW01	4223057	1117							SAMN41832294				
GCA_044715735.1	Tps_LRv5b_mtDNAv350	Timema poppense	170557						JD-2024				1338289665	12	11141	Chromosome	2024-11-08	JBJCJD01	285601	3938							SAMN41934017				
GCA_033556935.1	DTG_PB_155	Timema podura	61482						17_0262	female			1092653124		710	Scaffold	2023-11-13	JAVRXN01	4093860	14							SAMN37183446				
GCA_003012365.1	ASM301236v1	Medauroidea extradentata	614211						BJ-2015				2593359413		167455	Scaffold	2018-03-20	PNEQ01	28251	135691							SAMN06282392				
GCA_050494385.1	ASM5049438v1	Timema cristinae	61476						CEN4119	female			1226560494	13	64	Chromosome	2025-05-20	JBLAUR01	37153980	13							SAMN46163085				
GCA_050494415.1	ASM5049441v1	Timema cristinae	61476						CEN4119	female			1220429573	13	85	Chromosome	2025-05-20	JBLAUQ01	33195040	13							SAMN46163085				
GCA_050494375.1	ASM5049437v1	Timema cristinae	61476						CEN4280	female			1204896739	13	365	Chromosome	2025-05-20	JBLAUO01	6864908	13							SAMN46163086				
GCA_050494355.1	ASM5049435v1	Timema cristinae	61476						CEN4280	female			1215314917	13	392	Chromosome	2025-05-20	JBLAUP01	5619043	13							SAMN46163086				
GCA_002928295.1	tcristinae_1.3c2	Timema cristinae	61476						15_0190+16_0359	female			955490247	13	207031	Chromosome	2018-02-15	PGFK01	8919	3839							SAMN07998552				
GCA_002009905.3	tcristinae_0.3	Timema cristinae	61476						10poolfem-genome-2009-PC	female			1042628579	13	193147	Chromosome	2017-04-13	MSSY03	7446	14136							SAMN06135417				
GCA_039000515.1	ASM3900051v1	Timema cristinae	61476						Green morph from PRCN 2020	female			1313932428		17062	Scaffold	2024-05-01	JBCFYV01	398007	11173							SAMN37182750				
GCA_002926335.1	tcristinae_2.1	Timema cristinae	61476						15_0802	female			931401240		168163	Scaffold	2018-02-13	PGTA01	15124	5459							SAMN07999163				
GCA_002778355.1	ASM277835v1	Clitarchus hookeri	325643						CLI525	female			3802613888		906072	Scaffold	2017-11-16	NQII01	46246	785780							SAMN07418408				
GCA_905359515.1	5_Tpa_b3v08_max_arth_b2g_droso_b2g	Timema podura	61482								Annotation submitted by University of Lausanne	2021-03-25	1105092765		901128	Scaffold	2022-12-07	CAJPIN01	3875	889014							SAMEA5384782	16529	16493	36	
GCA_002236955.1	ASM223695v1	Dryococelus australis	614101						BP.DAU1				3416447916		357088	Contig	2017-07-28	NKXL01	17257	357088							SAMN07150485				
GCA_050494435.1	ASM5049443v1	Timema cristinae	61476						CEN4120	female			1235469353	12	39	Chromosome	2025-05-20	JBLAUT01	62107407	12							SAMN46163084				
GCA_050494455.1	ASM5049445v1	Timema cristinae	61476						CEN4120	female			1239970858	12	42	Chromosome	2025-05-20	JBLAUS01	55039789	12							SAMN46163084				
GCA_050494475.1	ASM5049447v1	Timema cristinae	61476						CEN4122	female			1236996213	12	45	Chromosome	2025-05-20	JBLAUV01	45381207	12							SAMN46163083				
