Assembly Accession	Assembly Name	Organism Name	Organism Taxonomic ID	ANI Check status	Organism Infraspecific Names Breed	Organism Infraspecific Names Strain	Organism Infraspecific Names Cultivar	Organism Infraspecific Names Ecotype	Organism Infraspecific Names Isolate	Organism Infraspecific Names Sex	Annotation Name	Annotation Release Date	Assembly Stats Total Sequence Length	Assembly Stats Total Number of Chromosomes	Assembly Stats Number of Contigs	Assembly Level	Assembly Release Date	WGS project accession	Assembly Stats Contig N50	Assembly Stats Number of Scaffolds	Annotation BUSCO Complete	Annotation BUSCO Single Copy	Annotation BUSCO Duplicated	Annotation BUSCO Fragmented	Annotation BUSCO Missing	Annotation BUSCO Lineage	Assembly BioSample Accession	Annotation Count Gene Total	Annotation Count Gene Protein-coding	Annotation Count Gene Pseudogene	CheckM completeness
GCA_037577465.1	SWU_Lb_1.0	Liposcelis bostrychophila	185214						DanDan Wei				291667327	9	379	Chromosome	2024-03-27	JBAKGH01	5035368	9							SAMN40030131				
GCA_042257085.1	SWU_Lt_1.0	Liposcelis tricolor	948454						DanDan Wei				223733423	9	55	Chromosome	2024-09-27	JBGGLZ01	17278071	9							SAMN43039996				
GCA_040285465.1	Mgal_1.0	Menopon gallinae	328185						Cailab_2023a		Annotation submitted by China Agricultural University	2024-06-25	154710484	5	149	Chromosome	2024-06-25	JARGDH01	27404000	93							SAMN33461892	11950	10891	1059	
GCA_023512825.1	Lbru_1.0	Liposcelis brunnea	209989						US				178248614	9	328	Chromosome	2022-05-25	JAJEOV01	1765845	137							SAMN22352495				
GCA_950004255.1	iuMesFusc1.1	Mesopsocus fuscifrons	2866285										184332854	9	275	Chromosome	2023-05-01	CATLKH01	1168996	20							SAMEA10241719				
GCA_963971405.1	iuPsoGibb1.1	Psococerastis gibbosa	2882760										409205223	10	427	Chromosome	2024-03-07	CAXART01	1835334	69							SAMEA112232508				
GCA_964261705.1	iuLoeVari1.hap1.1	Loensia variegata	209941										531423583	9	2350	Chromosome	2024-09-10	CAXVQT01	398410	403							SAMEA112232811				
GCA_000006295.1	JCVI_LOUSE_1.0	Pediculus humanus corporis	121224			USDA					Annotation submitted by The human body louse genome consortium	2016-07-23	110781312		8555	Scaffold	2007-04-23	AAZO01	34097	1882							SAMN02953682	10993	10773	1	
GCF_000006295.1	JCVI_LOUSE_1.0	Pediculus humanus corporis	121224			USDA					Annotation submitted by The human body louse genome consortium	2024-01-05	110781312		8555	Scaffold	2007-04-23	AAZO01	34097	1882							SAMN02953682	10978	10758	1	
GCA_016920875.1	Utah_Ccol_1.0	Columbicola columbae	128991						jgb_00001				207887661		1277	Scaffold	2021-02-23	JADMLL01	530044	386							SAMN16076762				
GCA_028293925.1	ASM2829392v1	Brueelia nebulosa	2972756						Et.F2	female			113965818		2201	Scaffold	2023-01-30	JAQIBA01	265868	1684							SAMN30244259				
GCA_037055365.1	N_lineage_1.0	Polyplax serrata	468196						HR10_N		Annotation submitted by Faculty of Science, University of South Bohemia	2024-03-07	138547654		70	Contig	2024-03-07	JAWJWE01	13306208	70							SAMN37542060	15132	14991		
GCA_027475445.1	ASM2747544v1	Ricinus arcuatus	2897411						EU1BXLFOOC				154834975		12288	Scaffold	2022-12-28	JAOXJT01	87630	10659							SAMN28086972				
GCA_028565995.1	ASM2856599v1	Ricinus marginatus	1343061						STAR AJWAR021.2				159005221		16235	Scaffold	2023-02-09	JAOWBB01	64415	15083							SAMN25518610				
GCA_029169425.1	NMHeadlice	Pediculus humanus capitis	121226						MI_2022				129989852		45128	Contig	2023-03-13	JARDYY01	3002	45128							SAMN29499164				
GCA_949987595.1	iuMesFusc1.1 alternate haplotype	Mesopsocus fuscifrons	2866285										179039017		2011	Scaffold	2023-04-29	CATLJG01	164756	2007							SAMEA10241719				
GCA_037055385.1	S_lineage_1.0	Polyplax serrata	468196						98ZLc_SE		Annotation submitted by Faculty of Science, University of South Bohemia	2024-03-07	138661138		88	Contig	2024-03-07	JAWJWF01	10507470	88							SAMN37542059	14045	13914		
GCA_964261695.1	iuLoeVari1.hap2.1	Loensia variegata	209941										488897174		2022	Scaffold	2024-09-08	CAXVQQ01	378386	263							SAMEA112232811				
GCA_963971355.1	iuPsoGibb1.1 alternate haplotype	Psococerastis gibbosa	2882760										416707353		7215	Contig	2024-03-05	CAXASA01	116829	7215							SAMEA112232508				
GCA_051996475.1	ASM5199647v1	Liposcelis bostrychophila	185214						PG_2013-15_SM				387761609		79884	Scaffold	2025-08-13	JAHDAV01	7070	29468							SAMN18629026				
