Assembly Accession	Assembly Name	Organism Name	Organism Taxonomic ID	ANI Check status	Organism Infraspecific Names Breed	Organism Infraspecific Names Strain	Organism Infraspecific Names Cultivar	Organism Infraspecific Names Ecotype	Organism Infraspecific Names Isolate	Organism Infraspecific Names Sex	Annotation Name	Annotation Release Date	Assembly Stats Total Sequence Length	Assembly Stats Total Number of Chromosomes	Assembly Stats Number of Contigs	Assembly Level	Assembly Release Date	WGS project accession	Assembly Stats Contig N50	Assembly Stats Number of Scaffolds	Annotation BUSCO Complete	Annotation BUSCO Single Copy	Annotation BUSCO Duplicated	Annotation BUSCO Fragmented	Annotation BUSCO Missing	Annotation BUSCO Lineage	Assembly BioSample Accession	Annotation Count Gene Total	Annotation Count Gene Protein-coding	Annotation Count Gene Pseudogene	CheckM completeness
GCA_040581495.1	ASM4058149v1	Thrips tabaci	161014						YG-2024a				325073080	18	316	Chromosome	2024-07-11	JBEVBZ01	1581468	42							SAMN41283528				
GCA_043789555.1	ASM4378955v1	Megalurothrips usitatus	439358						HL-2024a				247619268	16	168	Chromosome	2024-10-25	JBHGZV01	12100000	25							SAMN43565564				
GCA_033675135.1	FiZJ1	Frankliniella intonsa	163893						FiZJ1	pooled male and female			225489217	15	620	Chromosome	2023-11-15	JAWJED01	3510735	46							SAMN37810635				
GCA_045571655.1	ASM4557165v1	Thrips hawaiiensis	163894						XH-2024				287594255	18	409	Chromosome	2024-12-03	JBJJOV01	1757461	191							SAMN41763922				
GCA_046868235.1	ASM4686823v1	Dendrothrips minowai	1030662						ZJ1				350114598	19	1269	Chromosome	2025-01-22	JBFPGX01	536341	236							SAMN42537674				
GCA_038380765.1	ASM3838076v1	Odontothrips loti	670468						OL-1				331074510	16	300	Chromosome	2024-04-18	JAZGLN01	7191130	152							SAMN38915724				
GCA_030522485.1	ASM3052248v1	Stenchaetothrips biformis	1100830						QH-2022				338861303	18	1267	Chromosome	2023-07-26	JAPMNG01	381394	31							SAMN31727047				
GCA_000697945.5	Focc_3.1	Frankliniella occidentalis	133901						FOCC.00		Annotation submitted by The i5k Initiative	2019-11-18	405722110		74787	Scaffold	2019-11-12	JMDY03	6044	6168							SAMN02303501	16383	16369	13	
GCF_000697945.3	Focc_3.1	Frankliniella occidentalis	133901						FOCC.00		NCBI Frankliniella occidentalis Annotation Release 101	2022-11-18	405722110		74787	Scaffold	2019-11-12	JMDY03	6044	6168	0.9926847	0.9817118	0.010972934	0.0036576444	0.0036576444	insecta_odb10	SAMN02303501	17997	16516	29	
GCA_029379305.1	ASM2937930v1	Frankliniella fusca	407009						PL_HMW_Pooled	male	Annotation submitted by University of Georgia	2024-01-09	372449807		1485	Scaffold	2023-03-24	JAHWGI01	1106538	1444							SAMN19606609	26367	26340	27	
GCA_012932325.1	TpBJ-2018v1	Thrips palmi	161013						BJ-2018				237830083		1323	Scaffold	2020-04-29	JABBCG01	567478	16							SAMN14133010				
GCF_012932325.1	TpBJ-2018v1	Thrips palmi	161013						BJ-2018		NCBI Thrips palmi Annotation Release 100	2020-05-13	237830083		1323	Scaffold	2020-04-29	JABBCG01	567478	16	0.9773226	0.9678127	0.009509875	0.0014630578	0.021214338	insecta_odb10	SAMN14133010	15695	14332	75	
GCA_051252715.1	ASM5125271v1	Selenothrips rubrocinctus	764494						KSBT				442037953		350288	Scaffold	2025-07-08	JBNOJZ01	6689	349605							SAMN47738895				
GCA_902196195.1	A_rufus_b1v02	Aptinothrips rufus	1291243										339926289		301714	Contig	2019-08-01	CABIKL01	4094	301714							SAMEA5817587				
GCA_035583395.1	IPM-FO01	Frankliniella occidentalis	133901						IPM-Fo01				405509986	15	76187	Chromosome	2024-01-11	JAWJXR01	5974	6365							SAMN37368664				
GCA_026979955.1	Mus_1.0	Megalurothrips usitatus	439358						cailab_2022a		Annotation submitted by China Agriculture University	2022-12-21	238139689	16	1482	Chromosome	2022-12-21	JAPTSV01	2142465	907							SAMN31543109	11617	11617		
GCA_035584235.1	IPM-Fi01	Frankliniella intonsa	163893						IPM-Fi01				261366093	15	423210	Chromosome	2024-01-11	JAVTTQ01	1679	47							SAMN37368606				
